,Phocaeicola vulgatus,Roseburia faecis,[Ruminococcus] gnavus,Roseburia intestinalis,Blautia wexlerae,Lachnospira eligens,Bacteroides thetaiotaomicron,Faecalibacterium prausnitzii,Coprococcus comes,Ruminococcaceae bacterium D16,Streptococcus thermophilus,Dialister invisus,Blautia sp. CAG:257,Flavonifractor plautii,Lactococcus lactis,Escherichia coli,Firmicutes bacterium CAG:94,Turicibacter sanguinis,Erysipelatoclostridium ramosum,Fusicatenibacter saccharivorans,Clostridium disporicum,Actinomyces sp. ICM47,Firmicutes bacterium CAG:646,Intestinibacter bartlettii,[Clostridium] spiroforme,Lacrimispora saccharolytica,Dorea formicigenerans,Streptococcus salivarius,Enterocloster clostridioformis,Clostridium celatum,Streptococcus pasteurianus,Eggerthella lenta,Dorea sp. CAG:317,Propionibacterium freudenreichii,[Clostridium] innocuum,Actinomyces sp. oral taxon 181,Streptococcus oralis,Klebsiella pneumoniae,Actinomyces sp. HPA0247,Lachnoclostridium sp. An118,Streptococcus mitis,Ruthenibacterium lactatiformans,Lancefieldella parvula,Prevotella copri,Actinomyces sp. S6-Spd3,Collinsella aerofaciens,Romboutsia ilealis,Clostridiales bacterium CHKCI006,Prevotella sp. CAG:520,[Eubacterium] siraeum,Bacteroides uniformis,Prevotella sp. CAG:279,Ruminococcus bromii,Phascolarctobacterium succinatutens,Prevotella sp. CAG:873,Roseburia inulinivorans,[Ruminococcus] torques,Bacteroides stercoris,Eubacterium sp. CAG:251,Alistipes inops,Oscillibacter sp. 57_20,Phocaeicola dorei,Lachnospira pectinoschiza,Prevotella stercorea,Bacteroides caccae,Parabacteroides distasonis,Haemophilus parainfluenzae,Odoribacter splanchnicus,Firmicutes bacterium CAG:110,Coprococcus eutactus,Paraprevotella xylaniphila,Slackia isoflavoniconvertens,Bacteroides ovatus,Bacteroides sp. CAG:144,Clostridium sp. CAG:58,Roseburia hominis,Dorea longicatena,Eubacterium sp. CAG:38,Parabacteroides merdae,[Ruminococcus] lactaris,Gemmiger formicilis,Bifidobacterium dentium,Blautia obeum,Firmicutes bacterium CAG:83,Desulfovibrio piger,[Eubacterium] rectale,Agathobaculum butyriciproducens,Phocaeicola massiliensis,Parabacteroides johnsonii,Veillonella dispar,Veillonella infantium,Veillonella atypica,Bacteroides finegoldii,Bifidobacterium animalis,Oscillibacter sp. CAG:241,Bacteroides intestinalis,Anaerostipes hadrus,Clostridium perfringens,Catenibacterium mitsuokai,Streptococcus parasanguinis,Butyricimonas virosa,Clostridium sp. CAG:253,Eubacterium ventriosum,Firmicutes bacterium CAG:238,Alistipes finegoldii,Coprococcus catus,Anaerobutyricum hallii,Alistipes putredinis,Bacteroides fragilis,Bacteroides cellulosilyticus,Veillonella sp. T11011-6,Eubacterium ramulus,Holdemanella biformis,Lawsonibacter asaccharolyticus,Akkermansia muciniphila,Eubacterium sp. CAG:180,Bacteroides xylanisolvens,Ruminococcus bicirculans,Monoglobus pectinilyticus,Coprobacillus cateniformis,Alistipes shahii,Bifidobacterium bifidum,Candidatus Gastranaerophilales bacterium,Adlercreutzia equolifaciens,Eisenbergiella tayi,Alistipes onderdonkii,Ruminococcaceae bacterium D5,Hungatella hathewayi,Bilophila wadsworthia,Holdemania filiformis,Intestinimonas butyriciproducens,Gordonibacter pamelaeae,Parvimonas micra,Eubacterium sp. CAG:274,Anaeromassilibacillus sp. An250,Flavonifractor sp. An100,Ruminococcus obeum CAG:39,Anaerotruncus colihominis,Roseburia sp. CAG:471,Gemella morbillorum,Collinsella intestinalis,Streptococcus milleri,Harryflintia acetispora,Lancefieldella rimae,[Clostridium] symbiosum,Adlercreutzia caecimuris,Firmicutes bacterium CAG:170,Bifidobacterium adolescentis,Ligilactobacillus salivarius,Methanobrevibacter smithii,Coprobacter fastidiosus,Bifidobacterium scardovii,Bifidobacterium longum,Lactobacillus paragasseri,Lactobacillus gasseri,Parascardovia denticolens,Actinomyces oris,Limosilactobacillus gastricus,Streptococcus mutans,Lactobacillus crispatus,Limosilactobacillus mucosae,Lactobacillus delbrueckii,Enterococcus faecium,Limosilactobacillus oris,Limosilactobacillus fermentum,Sanguibacteroides justesenii,Prevotella sp. CAG:755,Bacteroides salyersiae,Barnesiella intestinihominis,Bacteroides eggerthii,Clostridium sp. CAG:590,Ruminococcus sp. CAG:403,Roseburia sp. CAG:309,Parasutterella excrementihominis,Roseburia sp. CAG:182,Firmicutes bacterium CAG:95,Alistipes indistinctus,Butyricimonas synergistica,Clostridium sp. CAG:167,Streptococcus vestibularis,Coprobacter secundus,Gemella sanguinis,[Clostridium] leptum,Oscillibacter sp. PC13,Proteobacteria bacterium CAG:139,Enterocloster citroniae,Pseudoflavonifractor capillosus,Methanosphaera stadtmanae,Tractidigestivibacter scatoligenes,Bacteroides faecis,Victivallis vadensis,Phascolarctobacterium faecium,Bacteroides clarus,Schaalia odontolytica,Turicimonas muris,Bacteroides nordii,Parabacteroides goldsteinii,Enterocloster bolteae,Anaerotruncus sp. CAG:528,Phocaeicola coprocola,Bacteroides faecis CAG:32,Veillonella parvula,Phocaeicola plebeius,Oxalobacter formigenes,Bifidobacterium angulatum,Blastocystis sp. subtype 1,Phocaeicola coprophilus,Prevotella bivia,Allisonella histaminiformans,Paraprevotella clara,Firmicutes bacterium CAG:555,Cloacibacillus porcorum,[Bacteroides] pectinophilus,Actinomyces sp. oral taxon 448,Dialister sp. CAG:357,Bacteroides sp. CAG:633,Streptococcus sobrinus,Acidaminococcus fermentans,Klebsiella variicola,Bifidobacterium catenulatum,Streptococcus gordonii,Enterococcus faecalis,Bifidobacterium pseudocatenulatum,Prevotella sp. CAG:1185,Prevotella sp. CAG:5226,Parabacteroides sp. CAG:409,Firmicutes bacterium CAG:145,Pseudoflavonifractor sp. An184,Roseburia sp. CAG:303,Prevotella sp. CAG:1092,Streptococcus lutetiensis,Butyricicoccus pullicaecorum,Amedibacillus dolichus,Eubacterium dolichum CAG:375,Tyzzerella nexilis,Eisenbergiella massiliensis,Clostridium sp. CAG:242,Prevotella sp. AM42-24,Butyrivibrio sp. CAG:318,Alistipes sp. An66,Haemophilus sp. HMSC71H05,Megasphaera elsdenii,Acidaminococcus intestini,Ruminococcus sp. CAG:330,Faecalitalea cylindroides,Blautia hydrogenotrophica,Enorma massiliensis,Anaerotignum lactatifermentans,Desulfovibrio fairfieldensis,Prevotella sp. CAG:1320,Prevotella sp. CAG:617,Flavonifractor sp. An10,Alistipes timonensis,Clostridium sp. CAG:299,Anaerofilum sp. An201,Enterococcus hirae,Pyramidobacter piscolens,Lactobacillus johnsonii,Massilimicrobiota timonensis,Pyramidobacter sp. C12-8,Dialister succinatiphilus,Ruminococcus sp. CAG:488,Bacteroides sp. CAG:530,Ruminococcus callidus,Mitsuokella jalaludinii,Phascolarctobacterium sp. CAG:266,Butyrivibrio crossotus,Dielma fastidiosa,Prevotella sp. CAG:924,Lactobacillus amylovorus,Clostridium sp. CAG:964,Lactobacillus kefiranofaciens,Lactobacillus acidophilus,Varibaculum cambriense,Desulfovibrionaceae bacterium,Citrobacter koseri,Lacticaseibacillus rhamnosus,Streptococcus sanguinis,Ruminococcus sp. CAG:563,Prevotella corporis,Mogibacterium diversum,Fretibacterium fastidiosum,Streptococcus australis,Ligilactobacillus ruminis,Fusobacterium sp. CAG:439,Rothia mucilaginosa,Eubacterium sp. OM08-24,Bacteroides sp. CAG:927,Lactobacillus rogosae,Hafnia paralvei,Hafnia alvei,Bacteroides sp. 43_108,Enterocloster asparagiformis,Enterocloster lavalensis,Latilactobacillus sakei,Christensenella minuta,Prevotella sp. CAG:485,Enterococcus durans,Bacteroides galacturonicus,Sellimonas intestinalis,Clostridium bolteae CAG:59,Prevotella sp. CAG:1031,Clostridium sp. CAG:413,Bacteroides sp. CAG:598,Mitsuokella multacida,Megasphaera sp. DISK 18,Klebsiella quasipneumoniae,Alloscardovia omnicolens,Streptococcus infantis,Streptococcus sp. A12,[Clostridium] hylemonae,Firmicutes bacterium CAG:534,Actinomyces graevenitzii,Megamonas hypermegale,Prevotella sp. 885,Firmicutes bacterium CAG:791,Bacteroides sp. CAG:462,Limosilactobacillus vaginalis,Escherichia marmotae,Brachyspira sp. CAG:700,Clostridium sp. CAG:510,Prevotella disiens,Schaalia turicensis,Bacteroides fluxus,Fusobacterium mortiferum,disease
MMPD54490160ST,2.26402,0,0,0,0,6.26858,0,24.49772,0.8008,0,0,0,0,0,0,0,0,0,0,0,0,0,0,0,0,0,0,0,0,0,0,0,0,0,0,0,0,0,0,0,0,0,0,4.95169,0,2.46368,0,0,0,0.27128,3.01215,9.68639,3.73767,0,0,0,0.1344,0,0,0,0,0,0,0,0.65649,0,0,1.04634,0,0,0,0,0.26199,0,0,0.17879,0.53668,0,0,0,0,0,0,0.84307,0,7.19544,0,9.2976,0,0,0,0,0,0,0,0,0,0,0,0,0,0,0,0,0,0,0.1061,13.11823,0,0,0,0,0,0,0,0,0,0,0,0,0,0,0,0,0,0,0,0,0,0,0,0,0,0,0,0,0,0,0,0,0,0,0,0,0,0,0,1.23836,0,0,0,0,2.3853,0,0,0,0,0,0,0,0,0,0,0,0,0,0,0,0,0,0,0,0,0,0,0,0,0,0,0,0,0,0,0,0,0,0,0,0,0,0,0,0,0,0,0,0,0,0,3.98392,0,0,0,0,0,0,0,0,0,0,0,0,0,0,0,0,0,0,0,0,0,0,0,0,0,0,0,0,0,0,0,0,0,0,0,0,0,0,0,0,0,0,0,0,0,0,0,0,0,0,0,0,0,0,0,0,0,0,0,0,1.0633,0,0,0,0,0,0,0,0,0,0,0,0,0,0,0,0,0,0,0,0,0,0,0,0,0,0,0,0,0,0,0,0,0,0,0,0,0,0,0,0,0,0,0,0,0,0,0,0,0,0,0,0,0,0,0,0,0,0,0,0,0,0,0,0,healthy
MMPD37460080ST,11.66601,0,0.59774,17.31798,0,3.41322,7.15713,12.96221,0,0.02425,0,5.08163,0,0.42656,0,0,0.0279,0,0,0.6902,0,0,0,0,0,0,0,0.41085,0.12861,0,0,0,0.51188,0,0,0,0,0,0,0,0,0.02338,0,0,0,2.31655,0,0,0,0,0,0,0,0,0,0,0,0,0,0,0,0,0.13441,0,0,0,0,1.37517,0,0,0,0,1.3382,0,0,0,0,0,0,0,0,0,0.09302,4.98839,0,0,0.36784,0,0,0,0,0,0,0,0,0,3.96275,0,0,0.42192,0,0,0,0,0.32596,0,0.08303,11.9145,3.02686,0,0,0.31928,0.71896,0,0.30363,0,0,0,0,0,0,0,0,0,0,0,0,0,0,0,0,0,0,0.14728,0.01055,0,0,0,0,0,0,0,0,0,0,0,0,0,0,0,0,0,1.77994,0,0,0,0,0,0,0,0,0,0,0,0,0,0,0,4.87596,0,0,0,0,0,0,0,0,0,0,0.04654,0,0,0,0,0,0,0,0,0,0,0.08286,0,0,0,0,0,0,0,0,0,0,0,0,0,0,0,0,0,0,0,0,0,0,0,0,0,0,0,0,0,0,0,0,0,0,0,0,0,0,0,0,0,0,0,0,0,0,0,0,0,0.1498,0,0,0,0,0,0,0,0,0,0,0,0,0,0,0,0,0,0,0,0,0,0,0,0,0,0,0,0,0,0,0,0,0,0,0,0,0,0,0,0,0,0,0,0.71559,0.03703,0,0,0,0,0,0,0,0,0,0,0,0,0,0,0,0,0,0,0,0,0,0,0,0,0,0,0,0,0,0,0,0,0,0,0,0,0,0,0,healthy
MMPD56131850ST,2.73563,0,0,0.1825,0.03673,0.36092,0,11.93116,0.19632,0,0,0,0,0,0,0,0,0,0,0.72527,0,0,0,0,0,0,0.12943,0,0,0,0,0,0,0,0,0,0,0,0,0,0,0,0,0.49556,0,0.91293,0,0,0,0,7.99408,0,2.98067,0,0,0,0,0,0,0,5.98523,0.91744,0,0,0.09915,0.16254,0,0.59509,7.51601,1.36985,0.78203,2.40036,0.04454,1.78839,0,1.16003,0.23798,0,0.27105,0.27808,0.04121,0,0.0162,0.49951,0.58416,3.3194,0.77133,0,0,0,0,0,0,0,0.52565,0,0,0,0,0,0,0,0,0.14734,0.39891,0.28276,0.01731,1.60652,0,0.06158,0,0.01568,0,0,1.24867,0,0,0,0,0,0.14838,0,0,0.06555,0,0,0,0,0,0,0,0,0,0,0,0,0,0,0,0,0,0,0,0,0,0,0,0.98954,0,0,0.16375,0,0,0,0,0,0,0,0,0,0,0,0,0,0,0,0,0,0.95023,0,0,0,0,0,0,0.19603,0.10293,0,0,0,0,0,0,0,0,0,0,0,0,0.73597,0,0,0,0,0,0,0,0,0,0.669,0.26516,0,1.07073,0.15238,0,0.40566,0.30685,0,0,0.01469,0.22156,0,0,0,0,0,0,0,0,0,0,0,0,0,0,0,0,0,0,0,0,0,0,0,0,0,0,0,0,0,0,0,0,0,0,0,0,0,0,0,0,0,0,0,0,0,0,0,0,0,0,0,0,0,0,0,2.56901,0,0,0,0,0,0,0,0,0,0,0,0,0,0,0,0,0,0,0,0,0,0,0,0,0,0,0,0,0,0,0,0,0,0,29.01864,0,0,0,0,0,0,0,0,0,0,0,0,0,0,0,0,0,0,0,0,0,0,0,healthy
MMPD19623701ST,12.44949,0,0,5.60477,0.03077,0,1.99325,17.28844,2.11658,0.01649,0.34999,0.51598,0,0.14631,0,0.01733,0,0,0,1.47633,0,0,0,0,0,0,0.86292,0.00986,0,0,0,0,0,0,0,0,0,0,0,0,0,0.19753,0,0.24264,0,2.44906,0,0,0,0.08591,4.44981,3.79327,0.08191,0,0,1.30246,1.50372,0.80649,0,0,0,3.90771,0,0,0.1033,2.66105,0,1.65936,0,0,0,0.22707,0.3431,0,0,0.69106,1.60542,0.05894,3.05855,0,0.10059,0,0.1063,2.50867,0,0.696,0.4178,0.77102,0,0,0,0,0,0,0.03773,0,0.33724,0,0,0,0.07779,0,1.09831,0,0,0.0234,1.8732,0.06062,0,0,0,0,0.10335,0.39042,0,0,0.36343,0,0,0,0.30177,0,0,0,0,0,0,0,0,0,0,0,0,0,0,0,0,0,0.63637,0,0,0,0,0,0,0,0,0.83456,0,0,0.5894,0,0.2665,0,0,0,0,0,0,0,0,0,0,0,0,0,0,0,2.76737,0.25799,0,0,0,0,0,0,0.214,0.65448,0,0,0,0,0.04332,0,0,0,0,0,0,0,0,0.30281,0.11802,0,0,0,0,0,0,4.92372,0,0,0,0,0,0,0,0,0,0,0,0,0,0,0,0,0,0,0,0,0,0,0,0,7.01696,0,0,0,0,0,0,0,0,0,0,0,0,0,0,0,0,0,0,0,0,0,0,0,0,0,0,0,0,0,0,0,0,0,0,0,0,0,0,0,0,0,0,0,0,0,0,0,0,0,0,0,0,0,0,0,0,0,0,0,0,0,0,0,0,0,0,0,0,0,0,0,0,0,0,0,0,0,0,0,0,0,0,0,0,0,0,0,0,0,0,0,0,0,0,0,0,0,0,0,0,healthy
MMPD91893113ST,10.04475,0.24374,0,3.53356,0,0.68238,0,5.41864,1.91586,0.22955,0,0,0,0.25876,0,0.47619,0,0,0,0.96327,0,0,0,0,0.04978,0.07231,0.24424,0.68923,0,0,0,0.01576,0,0,0,0,0.01276,0,0,0,0.00655,0.09146,0,0.01395,0,1.31736,0,0,0,0,14.92724,0,5.64328,0,0,1.88132,3.15682,0,0,0,0.00215,1.70125,0,0,0.42328,2.11173,0,0.75552,0,0,0,0.49349,0,0,0,0,0.67755,0.55579,1.34927,0.10921,0.37909,0,0.60764,0.67971,0,7.06655,0.4168,2.79408,0,0,0,0,2.42869,0,0,0,0.35545,0,0,0.61328,0.17639,0,0.10209,0,3.87822,0.09955,0.51636,5.98467,0,1.33636,0,0.11941,0.24382,0.2555,0,0,0.374,0.29031,0,0,0,0,0,0.65123,0,0.00984,0,0,0.101,0,0.06134,0.01666,0,0,0,0,0,0.00955,0.34138,0,0,0,0,0,0,0,0,0.15007,0,0,0.00989,0,0.22972,0,0,0,0,0,0,0,0,0,0,0,0,0,0,0.42247,0.6294,0,0,0,0,0.0178,0,0,0,0,0,0,0.01513,0,0,0,0.58067,0,0,0,0,4.35321,0,0.76417,1.9854,0,0,0,0,0,0,0,0,0,0,0,0,0,0,0,0,0,0,0,0,0,0,0,0,0,0,0,0,0,0,0,0,0,0,0,0,0,0,0,0,0,0,0.02625,0.15868,0,0,0,0,0,0.06006,0,0,0.00578,0,0,0,0,0,0,0,0,0,0,0,0,0,0,0,0,0,0,0,0,0,0,0,0,0,0,0,0,0,0,0,0,0,0,0,0,0,0,0,0.02215,0,0,0,0,0.03559,0,0,0.00551,0,0,0,0,0,0,0,0,0,0,0,0,0,0,0,0,0,0,0,0,0,0,0,0,0,0,0,0,0,0.27904,0.27197,healthy
MMPD45969642ST,7.68169,4.10589,0,0.50953,0.00914,0.51702,0.13684,5.61487,0.76448,0,0,0.01411,0,0.12106,0,0.06728,0.01022,0,0,4.89313,0,0,0,0,0.03046,0,0.44985,0.02064,0,0,0,0,0,0,0,0,0,0,0,0,0,0.12055,0,0.0662,0,1.66589,0,0,0,1.30263,7.30485,1.81288,15.26624,0,0,0.86583,0.14551,0.79136,3.08503,0,0.39955,0.0491,0.26398,0,1.87423,3.24497,0,0.46882,0,1.76586,0.20734,0.9464,0.01724,0,0.05092,0.17437,3.09087,0,2.394,0.93872,0.40155,0,0.06902,0,0,4.74865,0.30002,0,0.00813,0,0,0,1.01633,0,0.68381,0,0.42805,0,0.31923,0,0.22223,0,0.25471,0,0.0622,0.30351,0.2341,3.5582,0.02856,0.22634,0,0.2474,0,0.07072,0.60648,0,0.34763,1.11638,0,0.1055,0.4777,0,0,0.18121,0,0,0,0,0,0,0,0,0,0,0,0,0,0,0,0,0.01573,0,0,0,0,0,0,2.0136,0,0.37225,0,0,3.42976,0,0,0,0,0,0,0,0,0,0,0,0,0,0,0,0.45284,3.17612,0,0,0,0.01645,0,0,0.03603,0,0,0,0,0,0,0,0,0,0,0,0,0,0,1.07816,0,0,0,0,0,0,0,0,0,0,0,0,0,0,0,0,0,0.01261,0,0,0,0,0,0,0,0,0,0,0,0,0,0,0,0,0.08407,0,0,0,0,0,0,0,0,0,0,0,0,0,0,0,0,0,0,0,0,0,0,0,0,0,0,0,0,0,0,0,0,0,0,0,0,0,0,0,0,0,0,0,0,0,0,0,0,0,0,0,0,0,0,0,0,0,0,0,0,0,0,0,0,0,0,0,0,0.01746,0,0,0,0,0,0,0,0,0,0,0,0,0,0,0,0,0,0,0,0,0,0,0,0,0,0,0,0,0,healthy
MMPD39823498ST,7.41403,1.37947,0,5.28531,0.26341,2.72695,0.47538,18.2821,0.47137,0,0,0,0,0.06006,0,0,0,0,0,1.12272,0,0.00356,0,0,0,0,0.51789,0,0,0,0,0,0,0,0,0,0,0,0,0,0,0.06983,0,0.01389,0,2.2748,0,0,0,0.09501,11.13466,0,2.11947,1.9294,0,0,0.5736,0.03351,0,0,0.67441,0.02683,0.71561,0,0.37764,1.60317,0,0.46495,0.14391,0,0,0.70149,0.04193,0,0.11447,0.06711,1.08148,0,0,1.46783,0.78013,0,0.10527,0,0,8.22782,0.30261,1.00485,0,0,0,0,0,0,0,0,0.93617,0,0,0,0,0,0,0,0.20191,0.30531,0.03448,3.69756,0,2.04518,0,0.10453,0,0.15702,0.44206,0,0.16591,1.92458,0,0,0.29104,0,0,0.45106,0,0,0,0,0.21175,0.03436,0,0,0,0,0,0,0,0,0,0,0,0,0,0,0,0,0,0,0,0,0.02204,0,0.35364,0,0,0,0,0,0,0,0,0,0,0,0,0,0,0.9216,0.1038,0,0,0,0.02889,0,0,0,0.03036,0,1.31438,0,0.01346,0,0.00363,0,0,0.02775,0,0,0,0.3434,0,0,2.46143,0,0,0,0.25571,0,0,0,1.86446,0,0,0,0,0,0,0,0,0,0,0,0,0,0,0,0,0,0,0,0,0,0,0,0,0,0.01547,0,0,0,0,0,0,0,0,0.02217,0,0,0,0,0,0,0,0,0,0,0,0,0,0,0,0,0,0,0,0,0,0,0,0,0,0,0,0,0,0,0,0,0,0,0,0,0,0,0.04832,0,0,0,0,0,0,0,0,0,0,0,0,6.96143,0.03251,0,0,0,0,0,0,0,0,0,0,0,0,0,0,0,0,0,0,0,0,0,0,0,0,0,0,0,0,0,0,0,0,0,0,0,0,healthy
MMPD23212378ST,2.10612,0.78747,0,0,0,0.24866,0.16459,4.53499,1.05933,0,0.08194,0.48697,0,0.27836,0,0.11738,0.30126,0,0,0.40123,0,0,0,0,0,0.06367,0.16425,0.03774,0,0,0,0,0,0,0,0,0,0,0,0,0,0.10146,0,0.19596,0,1.87302,0,0,0.02998,0.39318,1.13275,0,3.87805,0,0,0,0.28976,12.85491,0,0,0.17673,1.19069,0.19021,0,0.91282,0.99424,0,0.28554,1.16798,0,0.32739,0.14889,0.02266,0,0,0.12669,1.01277,0.01307,2.08471,0,0.26431,0,0.09663,0.06249,0,8.48119,0.03849,0.56679,0,0,0,0,0.13335,0,1.87886,0,0.01915,0,0.64643,0,0.12846,0,0.1892,0,1.24392,0.00684,0.17519,3.69918,0,0,0,0.03555,0,0.05127,0,10.99906,0.26709,3.25825,0,0,0.03472,0.83361,0,0.052,0,0.2913,0,0,0,0,0,0,0,0,0.0138,0,0,0,0,0,0,0,0,0,0,0,0,10.72683,0,0.11378,0,0,0.20311,0,0,0,0,0,0,0,0,0,0,0,0,0,0,0.11576,2.12968,2.41011,0,0,0,0.12132,0,0,0.12647,0,0,0,0,0,0.01995,0,1.34371,0,0,0,0,0,0,0,0,0,0.18909,0,0,0,0,0,0,0,0,0,0,0,0,0,0,0.10649,0,0,0,0,0,0,0,0,0,0,0,0,0,0,0,0,0,0,0,0,0,0,0,0,0,0,0,0,0,0,0,2.67291,2.24528,2.00034,1.75163,0.00846,0.00749,0,0,0,0,0,0,0,0,0,0,0,0,0,0,0,0,0,0,0,0,0,0,0,0,0,0,0,0,0,0,0,0,0,0,0,0,0,0,0,0,0,0,0,0,0,0,0,0,0,0,0,0,0,0,0,0,0,0,0,0,0,0,0,0,0,0,0,0,0,0,0,0,0,0,0,0,0,0,healthy
MMPD13674240ST,0.43836,3.13218,0,5.61191,0,4.86841,0.63736,7.01074,0.89316,0,0.03719,0,0,0,0.07,0.97909,0,0,0,0.09917,0.18899,0,0,0.00952,0,0,0.13914,0.06565,0,0,0,0,0,0,0,0,0,0,0,0,0,0.02315,0,16.97825,0,0.34809,0,0,19.95881,5.00666,3.86227,3.5809,2.97873,1.98607,1.87103,1.71413,1.6465,1.43944,1.0622,1.05991,1.04744,1.00964,0.94737,0.82282,0.67036,0.63861,0.48885,0.47816,0.45192,0.39249,0.322,0.30199,0.29099,0.27956,0.27352,0.25006,0.22489,0.22153,0.21511,0.20918,0.20349,0.20281,0.19579,0.18577,0.17776,0.17478,0.17092,0.15326,0.14781,0.14615,0.12768,0.12105,0.08958,0.08744,0.08211,0.067,0.05422,0.04957,0.04758,0.04573,0.03599,0.03589,0.03319,0.03158,0.02688,0.01539,0.01269,0.01085,0.00971,0.0065,0.00534,0.00497,0.00391,0.00315,0,0,0,0,0,0,0,0,0,0,0,0,0,0,0,0,0,0,0,0,0,0,0,0,0,0,0,0,0,0,0,0,0,0,0,0,0,0,0,0,0,0,0,0,0,0,0,0,0,0,0,0,0,0,0,0,0,0,0,0,0,0,0,0,0,0,0,0,0,0,0,0,0,0,0,0,0,0,0,0,0,0,0,0,0,0,0,0,0,0,0,0,0,0,0,0,0,0,0,0,0,0,0,0,0,0,0,0,0,0,0,0,0,0,0,0,0,0,0,0,0,0,0,0,0,0,0,0,0,0,0,0,0,0,0,0,0,0,0,0,0,0,0,0,0,0,0,0,0,0,0,0,0,0,0,0,0,0,0,0,0,0,0,0,0,0,0,0,0,0,0,0,0,0,0,0,0,0,0,0,0,0,0,0,0,0,0,0,0,0,0,0,0,0,0,0,0,0,0,0,0,0,0,0,0,0,0,0,0,0,0,healthy
MMPD34845324ST,0.67724,10.80664,0,0.26558,0.90261,0.52382,0,4.80407,0.45708,0,0,0,0,0.23796,0,0,0,0,0,0,0,0,0,0,0,0,0.34059,0.07098,0,0,0,0,0,0,0,0,0,0,0,0,0.02532,0,0,36.55858,0,0.58968,0,0,4.49767,0,0.73342,2.34529,3.02756,2.27398,0,1.15325,1.58827,0,0,0,0,0,0.33999,0.26796,0,0.78812,0,0.26428,0,3.74159,0,0.13135,0.11727,0,0,0,0.51246,0,0.21025,0,0.15609,0,0,0,0.74428,1.37578,0.03038,0,0.06297,0,0,0,0,0,0.04206,0,1.59466,0,1.46823,0,0.02898,0,0,0,0.04753,0,1.47513,1.54417,0,0,0,0.1079,0,0,0.11959,8.8886,0.03102,0.44933,0,0,0.36889,0,0,0,0,0,0,0,0,0,0,0,0,0,0,0,0,0,0,0,0,0,0,0,0,0,0,2.55828,0,0,0,0,0.09807,0,0,0,0,0,0,0,0,0,0,0,0,0,0,0,0,0,0,0,0,0,0,0,0,0,0,0,0,0,0.04084,0,0,0,0,0,0,0,0,0,0,0,0,0,0,0,0,0,0,0,0,0,0.3913,0,0,0,0,0,0,0,0,0,0,0,0,0,0,0,0,0,0,0,0,0,0,0,0,0,0,0,0,0,0,0,0,0,0,0,0,0,0,0,0,0,0,0,0,0,0,0,0,0,0,0,0,0,0,0,0,0,0,0,0,0,0,0,0,0,0,0,0,0,0,0,0,0,0,0,0,0,0,0.12303,0,0,0,0,0,0,0,0,0,0,0,0,0,0,0,0,0,0,0,0,0,0,0,0,0,0,0,0,0,0,0,0,0,0,0,0,0,0,0,0,0,healthy
MMPD34227989ST,2.27049,1.06868,0,0.0016,0,4.60388,0.69024,8.51485,0.14498,0,0.05771,0,0,0,0.01339,0.13062,0,0.00259,0,0.64904,0.02568,0.00864,0,0,0,0,0.11172,0.17366,0,0,0,0,0,0,0,0,0.00327,0,0,0,0,0.03524,0,24.88875,0,1.0815,0,0,0,0.15186,2.53612,0,3.85503,2.55504,0,0.26049,0.88374,0,0.86193,2.9211,0.42459,0.58365,0,0,1.00574,2.46321,0.02627,1.0954,0.56871,8.43389,0.2071,0.15171,0.03675,0.50748,0,0.47467,0.30529,0.75598,0,1.56802,0.03944,0,0.07417,0.19329,0,0.00822,0.10647,0.81172,0.35477,0,0,0,0.66544,0,0.54501,0.48756,0.07009,0,0,0.07881,0.77611,0,0.05482,0.20838,0.02148,0.16551,0.2914,6.92928,0.00972,0.09077,0,0.03997,0,0.02171,0.00301,0,0.23296,0,0,0,0.06707,0,0.40088,0,0.00366,0,0.0434,0,0.06215,0.00092,0.00475,0.00031,0,0,0.01896,0,0,0,0.00016,0,0.00398,0,0,0,0,0,0.06445,0.34901,0,2.84895,0.26855,0,0.76192,0,0,0,0,0,0,0,0,0,0,0,0,0.04723,0,1.51327,0.08477,0,0,0,0,0.18014,0.01058,0,0.00623,0.07872,0.07778,0,0.01974,0.00246,0.27049,0,0.00882,0,0,0,0.0346,0,0.04605,0,0.00327,0.00143,0.03665,0,0.3268,0,0,0,0,0.04532,0,0,0,0,0,0,0,0.01868,0,0.06821,0,0,0,0,0,0,0,0,0.01425,0.00835,0,0,0,0,0,0,0,0,0,0,0,0,0,0,0,0,0,0,0.01169,0,0,0,0.10786,0,0.00325,0,0,0,0,0,0,0,0,0,0,0,0,0,0,1.36292,0,0,0,0,0,0.01696,0,0,0,0,0,0,1.18008,0.05577,0.01169,0.01029,0.00592,0.00354,0.00228,0.00083,0.00073,0,0,0,0,0,0,0,0,0,0,0,0,0,0,0,0,0,0,0,0,0,0,0,0,0,0,0,0,0,0,0,0,0,0,0,0,0,0,0,0,0,0,healthy
MMPD24188488ST,0.0346,0,0.60271,0.70949,0.54783,0,2.53314,5.33469,0,0,0,0,0,0.57079,0,0,0,0,0,1.46656,0,0,0,0,0,0,2.10647,0,0,0,0,0.35612,0,0,0,0,0,0,0,0,0,0.24028,0,0,0,2.0447,0,0,0,0.29246,20.60619,0,3.96437,0,0,0.92513,1.82363,0,0,0,0.6033,14.5952,0.00543,0,3.33396,3.9024,0,0.58712,0,0,0.25344,0.09765,0.55144,0,0,0,0.80005,0,0,0,0.48462,0,0,1.13744,0.25361,7.26059,0.25798,2.01979,0,0,0,0,0,0,0.19648,0,0.64778,0,0,0,0.17515,0,0.01339,0,0.78886,0.06011,0.6907,6.86265,0,2.11525,0,0,0,0.16094,2.67419,0,1.38301,0,0,0,0,0,0,0,0,0,0,0,0,0,0,0.05363,0,0.0556,0,0,0,0,0,0,0,0,0,0,0,0,0,0,0,0,0,0,0.16957,0,0,0,0,0,0,0,0,0,0,0,0,0,0,0,2.56448,0,0,0,0,0,0,0,0,0,0,0,0,0,0,0,0,0,0,0,0,0,0.01377,0,0.73709,0,0,0,0,0,0,0,0,0,0,0,0,0,0,0,0,0,0,0,0,0,0,0,0,0,0,0,0,0,0,0,0,0,0,0,0,0,0,0,0,0,0,0,0,0,0,0,0,0,0,0,0,0,0,0.33418,0,0,0,0,0,0,0,0,0,0,0,0,0,0,0,0,0,0,0,0,0,0,0,0,0,0,0,0,0,0,0,0,0,0,0,0,0,0,0,0,0,0,0,0,0,0,0,0,0,0,0,0,0,0,0,0,0,0,0,0,0,0,0,0,0,0,0,0,0,0,0,0,0,0,0,0,0,healthy
MMPD15187820ST,0,1.22768,0,0,0,0.15973,0.31766,2.16584,0,0,0.25223,0,0,0,3.38476,1.51784,0,0,0,0.05296,0,0,0,0,0,0,0.23583,0.22402,0,0,0,0,0,0,0,0,0,0,0,0,0,5.81342,0.06084,0.17312,0,3.26973,0,0,0,0.55985,8.83658,0.22941,5.08927,0.17755,0,0,0.25207,0,0,0,0,6.36582,0,0,0,1.03173,0,0.46612,0.96715,0,0,0,0.08588,0,0,2.63833,1.0328,0,0.43098,0,0.15462,0,0.27119,0.47904,0,0,0.48792,0,0,0,0,0,0,0,2.45717,0,0.09485,0,0.52892,0.37902,0,0,0,0,0.23179,0.3916,0.55988,0,0,0.37028,0,0,0.04323,0.00793,5.7088,4.39425,0,1.66672,0,0.13327,0,1.96351,0,0.05933,0.09094,0,0,0,0.02866,0,0,0.00412,0,0,0,0,0,0,0,0,0,0,0,0,0,0,11.10851,8.31548,5.3913,1.76739,1.28446,0.64816,0.53485,0.51187,0.36341,0.3259,0.29796,0.26214,0.25862,0.22108,0.1772,0.1615,0.08152,0.06135,0.04937,0.00427,0,0,0,0,0,0,0,0,0,0,0,0,0,0,0,0,0,0,0,0,0,0,0,0,0,0,0,0,0,0,0,0,0,0,0,0,0,0,0,0,0,0,0,0,0,0,0,0,0,0,0,0,0,0,0,0,0,0,0,0,0,0,0,0,0,0,0,0,0,0,0,0,0,0,0,0,0,0,0,0,0,0,0,0,0,0,0,0,0,0,0,0,0,0,0,0,0,0,0,0,0,0,0,0,0,0,0,0,0,0,0,0,0,0,0,0,0,0,0,0,0,0,0,0,0,0,0,0,0,0,0,0,0,0,0,0,0,0,0,0,0,0,0,0,0,0,0,0,0,0,0,0,0,0,0,0,0,0,0,healthy
MMPD91172559ST,1.57005,0.42597,0,0,0.04269,0.29474,1.62382,6.72913,0.89141,0,0,0,0,0.0541,0,0.46758,1.10571,0,0,0.88369,0,0,0,0,0,0.08208,0,0,0,0,0,0,0,0,0,0,0.03389,0.87029,0,0,0,1.50583,0,2.80008,0,5.82623,0,0,1.98751,2.8326,8.08073,0.60511,2.52734,0.89579,0,0.88044,3.51477,0,0,0,0.12534,1.60354,0.09718,0.12687,1.24283,2.5668,0,0,0.03585,0,0,0.46733,0.65324,0.27693,0,0.01743,0.1104,0,0,0.79423,0.25161,0,0.033,0,0,1.12876,0.14358,0,1.46824,0,0,0,0,0,0.58314,0,0,0,0.03551,0,0,0,0,0,4.14553,0.14386,0.17727,18.25683,1.67677,0.33992,0,0.03445,0,0.09573,2.10685,0,0,0.42382,0,0,0.80141,0,0,0,0,0,0,0,0.09642,0,0,0,0,0,0.08171,0,0,0,0,0,0.01307,0,0,0,0,0,0.26274,7.34677,0,0,0,0,1.51845,0,0,0,0,0,0,0,0,0,0,0,0,0,0,0,0.89783,0,0,0,0,0,0,0,0.88882,0.01767,0,0,0,0,0.01605,0,0,0,0,0,0,0,0,0,0,0,0,0,0,0,0,0,0,0,0,0,0,0,0,0,0,0,0,0,0,0,0,0,0,0,0.24861,0,0,0,0,0,0,0,0,0.11512,0,0,0,0,0,0,0,0,0,0,0,0,0,0,0,0,0,0,0.0092,0,0,0,0,0.39444,0,0,0,0,0,0,0,0,0,0,0.15175,0,0,0,0,0,0,0,0,0,0,0,0,0,0,0,0,0,0,0,0,0,0,0,0,0,0,0,0,0,0,0,0,0,0,0,0,0,0,0,0,0,0,0,0,0,0,0,0,0,0,0,0,0,0.53357,0.17618,0.08883,0,0,0,0,0,0,healthy
MMPD19359459ST,21.37691,3.3963,0,4.77208,0,0,1.27002,7.84177,1.41311,0,0.30023,0.09305,0,0.02176,0,0,0,0,0,0.58881,0,0,0,0,0,0.00639,0.84047,0,0,0,0,0,0,0,0,0,0,0,0,0,0,0,0,0.02972,0,5.68336,0,0,0,0.40822,8.07231,0,0,0,0,1.58489,3.05117,0.00989,0,0,0.22558,6.50596,0,0,6.02902,2.29861,0,0.43542,0,0,0.10396,0,0.46997,0,0,0.00174,0.57714,0,2.25843,0,0.29314,0,0.13241,0,0,1.47074,1.39856,0,0,0,0,0,0,0,0,0.57575,0.53739,0,0,0.00275,0.06909,0,0.66694,0,0.21542,0.06041,0.71188,0,0,0,0,0.3084,0.19045,0,0,0,0.0443,0,0,0,0,0,0,0.02278,0,0.16469,0,0,0,0,0,0,0,0,0,0,0,0,0.05832,0,0,0,0,0,0,0,0,5.87863,0,0,0,0,3.67087,0,0,0,0,0,0,0,0,0,0,0,0,0,0,0,0.92547,0,0,0,0,0,0,0,0,0,0,0,0,0,0,0,0,0,0,0,0,0,0,0,0.03963,0,0,0,0,0,0,0,0,0,0,0,0,0,1.29678,0,0,0,0,0,0,0,0,0,0,0,0,0,0,0,1.26677,0.25857,0,0,0,0,0,0,0,0,0,0,0,0,0,0,0,0,0,0,0,0,0,0,0,0,0,0,0,0,0,0,0,0,0,0,0,0,0,0,0,0,0,0,0,0,0,0,0,0,0,0,0,0,0,0,0,0,0,0,0,0,0,0,0,0,0,0,0,0,0,0,0,0,0,0,0,0,0,0,0,0,0,0,0,0,0,0,0,0,0,0,0,0,0,0,0,0,0,0,0,0,0,healthy
MMPD29951127ST,3.94666,0.19926,0,1.93168,0.04132,0.63448,0,11.61389,0.67737,0,0,0,0,0,0,12.40252,0,0,0,0.15485,0,0,0,0,0,0,0.61833,0.21266,0,0,0,0,0,0,0,0,0.01748,0,0,0,0,0.03262,0,18.002,0,2.03525,0,0,0.51869,1.46014,1.61706,0.06639,0,3.07707,6.35475,2.07637,1.81192,0.01824,1.39782,0,1.19411,1.0941,0,0.02197,0,2.01532,0,0.15862,0.6743,3.72343,0.10178,0.17076,0.18885,0,0.03718,0.08311,0.1314,0.21912,0.33998,0,0.05973,0.0476,0.00606,0.14185,1.9645,0.94497,0.05017,0.59089,0,0,0,0,0,0,0.99383,0,0.00836,0,0.0497,0.86584,0.06548,0,0,0,0.61205,0.16418,0.06561,2.32788,0,0.19296,0,0.05436,0.13474,0.06876,0,1.03035,0.06898,0,0,0,0.7142,0,0,0,0,0.01246,0,0,0,0,0,0,0,0,0,0,0,0,0,0,0,0,0,0,0,0,0.07263,0.60421,0,0.4991,0,0,0,0,0,0,0,0,0,0,0,0,0,0,0.07116,0,0,0,0.01342,0.02056,0,0,0,0,0,0.33609,0,0,0,0,0,0,0.04013,0,0,0,0,0,0,0,0.00478,0,0,0,0,0,0,0,0,0,0,0,0,0.03057,0,0,0,0,0,0,0,0,0,0,0,0,0,2.4705,0,0,0,0,0,0,0,0.01992,0,0,0,0.23014,0,0,0,0,0,0,0,0,0,0,0,0.8906,0,0,0,0,0,0,0,0,0,0,0,0,0,0,0,0,0,0,0,1.28181,0.78482,0.12058,0.0852,0,0,0,0,0,0,0,0,0,0,0,0,0,0,0,0,0,0,0,0,0,0,0,0,0,0,0,0,0,0,0,0,0,0,0,0,0,0,0,0,0,0,0,0,0,0,0,0,0,0,0,0,0,0,0,0,0,0,0,0,healthy
MMPD91702294ST,3.46669,0.22964,0,0.13147,0.04404,9.82416,0,9.2128,0.25485,0,0,0,0,0,0.0631,0.02925,0,0,0,0.82753,0,0,0,0,0,0,0.3333,0,0,0,0,0,0,0,0,0,0,0,0,0,0,0.04987,0,8.0057,0,0.86833,0,0,0.13,0.10417,0.1279,0.28877,0.06733,0.11591,0,0,1.48656,0.01569,1.61822,0,0.72128,0.08839,0,0,0.15024,0.09908,0,0.27733,0.10598,1.73352,0,1.2548,0.10885,0,0,0.05135,1.99107,0,0.22361,0,0.52272,0,0.337,0.10305,0.11096,0.11587,0.16073,0,0,0,0,0,0,0,0.47007,0,0.01312,0,0.82907,0,0.08942,0,0.02115,0,0,0.12202,0.4535,0.12653,0,0.04149,0,0.17322,0.16238,0,0.0366,2.53973,0.08501,0.02869,0,0,0.06095,0,0,0,0,0,0,0,0,0,0.12195,0,0,0,0,0,0,0,0,0,0,0,0,0,0,0,1.22137,0.74604,0,3.21463,0,0,0.0905,0,0,0,0,0,0,0,0,0,0,0,0,0.0522,0,0,0.09301,0.21704,4.69745,0.10755,0.24614,0,0,0.05494,0,0,0.07807,0,0,0,0,0,0,0,0,0,0.01727,0,0.01667,0,0.06034,0,0,0,0,0,0,0,0,0,0,0,0,0,0,0,0,0,0,0,0,0,0,0,0,0,0,0,0,0,0,0,0,0,0,0,0,0,0,0,0,0,0,0,0,0.04002,2.54534,0,0,0,0,0,0,0,0,0,0,0,0,0,0,0,0,0,0,0,0,0,0,0.00859,0.07964,0,0,0,28.36598,0,0,0,0,0,0,0,0,0,0,0,1.66277,0,0,0,0,0,0,0,0,0,0,0,0,0,0,0,0,0,0,0,0,0,0,0,0,0,0,0,0,0,0,0,0,0.18001,0,0,0.97041,0,0,0,0,3.54079,0.36858,0.28771,0.18853,0,0,healthy
MMPD27744413ST,0.11832,0,0.20615,0,1.40045,0,0.18368,0.2479,0,0,0.15833,0.0681,0,0.15729,0,23.28267,0,0,0,0,0,0,0,0,0,1.56224,0.21528,0.05389,0.43963,0,0,0.34641,1.35692,0.0144,0,0,0,0,0,0,0,0.78561,0,0.00528,0,0.02649,0,0,0,0.99953,0.20814,0,5.84097,0,0,0.39401,1.01982,0,0,2.22909,0,7.16053,0,0,2.11162,1.64303,0,0.47881,0,0,0,0,0.8317,0.10506,0,0,0.48492,0.45578,0.57412,0,0.93184,0,0.04074,0.28578,0,0.18652,0,0,0,0,0,0,0,0.32078,3.87028,0,0,0,2.16748,0.00426,0.05971,0,0,0,4.71819,0,0,0.01098,0,4.8755,0,0,0,0.05305,0.04367,0,0,0,0,0,0.21512,0,0,0.10122,2.02701,0,0,0.01593,0.26355,0,0,0,0,0,0,0,0.05714,0.05746,0,0,0,0,0,0,0,0,0,0.00756,0,0.99461,0.34807,0,13.44437,0,0,0,0,0,0,0,0,0,0,0,0,0,0,0,1.6591,0,0,0,0,0.55313,0,0,0.93531,0.24607,0,0,0,0,0.00247,0,0,0,0,0,0,0,0.11838,0,0,0,0.02059,0.01817,0.2899,0,0,0,0,0,0,0,0,0,0,0,0,0,0,0,0,0,0,0,0,0,0,0,0,0,0,0,0,0,0,1.24338,0,0,0,0,0.00479,0.01235,0,0,0,0,0,0,0,0,0,0,0,0,0.90383,0,0,0,0,0,0,0,0,0.71648,0.44424,0.13035,0.008,0.0027,0,0,0,0,0,0,0,0,0,0,0,0,0,0,0,0,0,0,0,0,0,0,0,0,0,0,0,0,0,0,0,0,0,0,0,0,0,0,0,0,0,0,0,0,0,0,0,0,0,0,0,0,0,0,0,0,0,0,0,0,0,0,0,0,0,healthy
MMPD52850328ST,21.66676,0,0.13666,0,0.02037,0,5.91514,4.55172,0,0,0.01031,0,0.4078,0.81716,0,0.03015,3.05503,0,0.98737,0,0,0,0,0,0,0,0,0,0,0,0,0.29812,0,0,0.16846,0,0,0,0,0,0,0.45598,0,0.04766,0,0.06931,0,0,0,1.3304,16.25519,0,1.11649,0,0,0,0,0.01192,0,0.58241,0,0.03115,0,0,3.53658,1.70721,0,0.41839,0.02875,0,0,0,0.01665,0,0.23643,0,0.08209,0,0,0,0,0,0,0,0,0.005,0,0,0,0,0,0,0,0,0.03921,0,0,0,0,0,0.01583,0,0,0,0.83843,0,0,6.06521,0,3.97609,0,0,0,0.16208,9.63588,0,0,0,0,0.11109,0.31679,0,0,0,0,0,0.03858,0.21205,0.06639,0,0.04714,0.27806,0,0,0.07372,0,0,0.24339,0,0,0,0,0,0,0.34501,0,0,0.00734,0,0,2.35635,0,0,0,0,0,0,0,0,0,0,0,0,0,0,0,0,0,2.53982,0.01964,0,0,0,0.53455,0,0,0.24359,0.04651,0,0,0.29388,0,0.02139,0,0.02297,0,0,0,0,0,0,0.92932,0,0,0,0,0,0.58905,3.09059,0,0,0,0,0,0,0,0,0,0,0,0,0,0,0,0,0,0,0,0,0,0,0,0,0,0,0,0.53967,0,0,0,0,0,0,0,0,0,0,0,0,0,0,0,0,0,0,0,0,0,0,0,0,0,0,0,0,0,0,0,0,0,0,0,0,0.0496,0,0,0,0,0,0,0,0,0,0,0.05294,0,0,0,0,0,0,0,0,0,0,0,0,0,0,0,0,0,1.9236,0,0,0,0,0,0,0.18246,0.09516,0,0,0,0,0,0,0,0,0,0,0,0,0,0,0,0,0,0,0,0,0,0,0,0,healthy
MMPD33788863ST,6.17006,0.14983,0,0,0,0.45682,0.92365,0.33211,1.22511,0,0,0,0,0.22657,0,0.52802,0,0,0,0,0,0,0,0,0,0,0,0,0,0,0,0,0,0,0,0,0,0,0,0,0,4.77666,0,0.01132,0,0.80809,0,0,0,0.38841,1.09313,0.54237,0.62046,0,0,0.53393,0,0,0,0,1.83877,4.0928,0,0,2.61604,3.70247,0,1.12154,0,0.03145,0,0.25177,0.83307,0,0,1.03793,0,0,0.62395,0,0,0,0,0.54396,0,0.14456,0,0,0,0,0,0,0,0,0,0,0,0,0.15043,0,0.59092,0,0,0,3.3998,0,0.30714,4.48273,0,0.25878,0,0,0,0,15.95535,16.36723,0.08004,1.29956,0,0,1.77629,0,0,0,0.15665,0,0,0,0,0,0.31392,0,0,0,0,0,0,0,0,0,0,0,0,0,0,0,0,0.3895,0,3.28473,0.02644,0,0.66443,0,0,0,0,0,0,0,0,0,0,0,0,0,0,0,0,0,0,0,0,1.03287,0,0,0,0,0.03734,0,0,0,0,0,0.02548,0,0,0,0.04449,0,0,0,0,0,0.13582,0,0,0,0,0,0,0,0,0,1.31756,0,0,0,0,0,0,0,0,0,10.52095,0,0,0,0,0.03665,0,0,0,0,0,0,0.76502,0,0,0,0,0,0,0,0,0,0,0,0,0,0,0,0,0,0,0,0,0,0,0,0,0,0,0,0,0,0,0,0,0,0,0,0,0,0,0,0,0.4792,0.41698,0.0588,0,0,0,0,0,0,0,0,0,0,0,0,0,0,0,0,0,0,0,0,0,0,0,0,0,0,0,0,0,0,0,0,0,0,0,0,0,0,0,0,0,0,0,0,0,0,0,0,0,0,0,0,0,0,0,PD
MMPD33826006ST,0.40975,0.38708,0,0,0.02874,0.54157,0.0326,4.08433,0.38976,0,1.24095,0,0,0,0,0,0,0,0,1.93511,0,0,0,0,0,0,0.26498,0,0,0,0,0,0,0,0,0,0,0,0,0,0,3.21339,0,0,0,6.47047,0,0,0,0.25404,3.01957,3.58636,2.60764,0.74346,0,0.09145,0.27525,0,0,0,2.18828,2.69646,0.31037,0,0,0.37574,0,0.05654,0.68164,0.35075,0.09253,0.39205,0,1.48933,0,1.29119,1.67872,0.03739,0.663,0.13467,1.2433,0,1.64657,0.40856,0,0.10853,0,0.35098,0,0,0,0,0,1.58477,0.91275,0,0.44902,0,0,0,0,0,0.03793,0.52702,0.08766,1.20917,1.25127,3.93781,0,0.75062,0,0.11235,0,0,8.27706,0.87517,0,0,0,0,0,2.23525,0,0.08504,0,0,0,0,0,0,0,0,0,0,0,0,0,0,0,0,0,0,0,0,0,0,0.04663,13.64282,0,4.14093,0.04509,0,3.04711,0,0,0,0,0,0,0,0,0,0,0,0,0,0,0,0.12995,0.43544,0,0,0,0,0.25334,0,0,0,0.17112,0,0,0,0,0,0,0,0,0,0,0,0,0,0.13819,0,0,0,0,0,0,0,0,0,0,0,0,0,0,0,0,0,0,0.00529,0,0,0,0,0,0,0,0,0,0,0,0,0,0,0,0,0,0,0,0,0,0,0,0,0,0,0,0,0,0.55309,0.29895,0,0,0,0,0,0,0,0,0,0,0,0,0,0,0,0,0,0,0,0,0,0,0,2.12707,0,0,0,5.92238,0.47896,0.25501,0.09222,0,0,0,0,0,0,0,0,0,0,0,0,0,0,0,0,0,0,0,0,0,0,0,0,0,0,0,0,0,0,0,0,0,0,0,0,0,0,0,0,0,0,0,0,0,0,0,0,0,0,0,PD
MMPD45281271ST,2.77511,3.02107,0,0,0.08642,0.34031,1.68726,2.26783,1.0068,0,0,0,0,0,0,0,0,0,0,0.78924,0,0,0,0,0,0,0.03456,0,0,0,0,0,0,0,0,0,0,0,0,0,0,0.17021,0,0,0,0.16401,0,0,0,2.80778,0.00356,0,0,0,0,0,0.1099,0,0,4.04075,1.70899,0,0,0,3.84858,0,0,1.01771,0,0,0,0,0.01906,0,0,0.06624,0.29638,0.07135,0,0,0.03335,0,0,0.03587,0,0.09327,0.06362,0,0,0,0,0,0,0,0.50538,0,1.23012,0,0,0,0,0,0.04679,0,33.43601,0,0.1938,0.0877,0,0,0,0,0,0.02666,8.78338,17.67001,0,0.20953,0,0,0.88133,0,0,0,0,0,0,0,0,0,0,0,0,0,0.45859,0,0,0,0,0,0,0,0,0,0,0,0,0,0,0,0,0,0.28534,0,0,0,0,0,0,0,0,0,0,0,0,0,0,0,9.18499,0,0,0,0,0,0,0,0.03514,0,0,0,0,0,0,0,0,0,0,0,0,0,0,0.00627,0,0,0,0,0,0,0,0,0,0,0,0,0,0,0,0,0,0,0,0,0,0,0,0,0,0,0,0,0,0,0,0,0,0,0.12028,0.27944,0,0,0,0,0,0,0,0,0,0,0,0,0,0,0,0,0,0,0,0,0,0,0,0,0,0,0,0,0,0,0,0,0,0,0,0,0,0,0,0,0,0,0,0,0,0,0,0,0,0,0,0,0,0,0,0,0,0,0,0,0,0,0,0,0,0,0,0,0,0,0,0,0,0,0,0,0,0,0,0,0,0,0,0,0,0,0,0,0,0,0,0,0,0,0,0,0,PD
MMPD76778172ST,0.054,2.51228,0,3.65227,0.12014,1.72789,0.60443,5.87961,0.11582,0,0,0,0,0.23972,0,0.04054,0,0,0,2.85756,0,0,0,0,0,0,0,0,0,0,0,0,0,0,0,0,0,0,0,0,0,0.20245,0,0,0,0,0,0,0,28.17592,11.61719,0,2.97009,0,0,0.66072,0.14557,0,0.73862,0,0.14098,9.17238,4.55641,0,0.26664,4.38296,0,0.12123,0,0,0,0,0.70495,0,0,0,0.73282,0,0,0,0.42867,0,0.10855,0.05766,0,1.72307,0,2.79073,0,0,0,0,0.19527,0,0.55962,0,0.64215,0,0,0,0,0,0,0,0.03754,0,0.21135,1.40167,0,0.00562,0,0,0,0.14387,1.75253,0,0,0,0,0,0.03569,0,0,0.04674,0,0,0,0,0.1047,0,0.15211,0,0,0,0,0,0,0,0,0,0,0,0,0,0,0,0,0,0,0.5747,0.22999,0,0,0,0,0,0,0,0,0,0,0,0,0,0,0,0,0.67082,0,3.9679,0,0,0.00901,0,0,0,0,0,0,0,0.03225,0,0,0,0,0,0,0,0,0,0,0,0.21854,0,0,0,0,0,0,0,0,0,0,0,0,0,0,0,0,0,0,0,0,0,0,0,0,0,0,0,0,0,0,0,0,0,0.01071,0,0,0,0,0,0,0,0,0,0,0,0,0,0,0,0,0,0,0,0,0,0,0,0,0,0,0,0,0,0,0,0,0,0,0,0,0,0,1.39537,0,0,0,0,0,0,0,0,0,0,0,0,0,0,0,0,0,0,0,0,0,0,0,0,0,0,0.09994,0,0,0,0,0,0,0,0,0,0,0,0,0,0,0,0,0,0,0,0,0,0,0,0,0,0,0,0,0,0,0,0,PD
MMPD23066988ST,5.93037,0.00213,0,0.426,0.18538,6.52359,0,8.31788,0.34037,0,0.17989,0.50859,0,0,0,2.42588,0,0.02258,0,0.6987,0,0,0,0.00848,0,0,0.31318,0.02848,0,0,0,0,0,0,0,0,0,0,0,0,0,0.03488,0,0.94237,0,0.21825,0,0,0,1.3618,13.45852,0,0.88275,0.00407,0,0.31352,0.23779,0,0,2.01196,0.54947,0,0,0,1.26677,1.15748,0,0.68725,0.23791,0,0,0,1.73838,1.26583,0.18702,0.54796,1.07036,2.09521,0,0.97732,0.32605,0,1.26141,0.00316,0,1.01568,0.12102,0,0,0.04649,0,0,0,0,1.58571,0,0.19122,0,0,0.01378,0.03176,0,0.00057,0,0.42524,0.12057,0.31549,0.03136,0.40351,0.28309,0,0.1067,0.14252,0.00405,0.78519,0,0,2.54562,0.13681,0,0,0,0,0.09739,0,0,0.00409,0,0.00061,0,0,0.02366,0,0,0.01223,0,0,0,0.05425,0,0,0,0,0,0,0,0.01616,0.05006,0,0,0.07873,0,0,0,0,0,0,0,0,0,0,0,0,0,0,0,0,0,1.21412,0,0,0,0.07018,0,1.34664,2.63542,0,0.28029,0.56219,0,0.19083,0,0.00555,0,0,0,0,0,0,0,0,0,0,0,0,0.00477,0,0,0,0,0,0.0232,0,0,0,0,0,0,0,0,0,0,0.9262,0,0,0,0,0,0,0,0,0,0,0,0,0,0,0,0.66535,0,0,0,0,0,0,0,0.54852,13.08196,10.85934,0.18357,0.00735,0,0,0,0,0,0,0,0,0,0,0,0,0,0,0,0,0,0,0,0,0,0,0,0,0,0,0,0,0,0,0,0,0,0,0,0,0,0,0,0,0,0,0,0,0,0,0,0,0,0,0,0,0,0,0,0,0,0,0,0,0,0,0,0,0,0,0,0,0,0,0,0,0,0,0,0,0,0,0,0,0,0,0,0,PD
MMPD17122405ST,2.07133,0.16427,0,1.64374,0.02038,0.95772,0,4.17748,0.23629,0,0,0.38761,0,0,0,0.25096,0.00559,0,0,0.89484,0,0,0,0,0,0,0.24768,0.12223,0,0,0,0,0,0,0,0,0,0,0,0,0.00568,0.14338,0,0.01041,0,0.53654,0,0,0,3.48302,11.72971,0,2.96416,0,0,2.84573,0.48799,0,0,0,0.41418,2.72698,0,0,2.79603,3.22514,0.01238,0.52919,0.08258,0,0.03503,0.21121,0.0773,1.2588,0,0.47164,0.71035,3.12339,0.80619,0,0.26971,0,0.31617,0.15491,0,0.45951,0.03795,0,0.01421,0.02609,0.02045,0.00173,5.66654,0,1.36696,0.05293,0.31442,0,0,0.05326,0.47284,0,0.00528,0.03601,0.05482,0.20421,0.72789,6.56214,0.11596,0,0.00146,0.06469,0,0.05191,5.93632,0,0.01813,3.42561,0,0.04673,0.05803,0.232,0.10623,0.01516,0,0,0.03592,0.06808,0.1194,0.00139,0.02347,0,0,0.21963,0,0,0,0,0.02751,0,0.00359,0,0,0,0,0,0.09621,0.98574,0,0.5664,0,0,0.27903,0,0,0,0,0,0,0,0,0,0,0,0,0,0,0,4.54912,0,0,0,0.05869,0.02172,0.02248,0.0857,0.16958,0,0.73366,0,0,0,0,0,0,0,0,0,0.0017,2.43007,0,1.40111,0.75331,0,0,0,0.20465,0,7.54674,0.8023,0.7993,0.36759,0.29822,0.19343,0.17009,0.07148,0.05423,0.03806,0.01501,0.01471,0,0,0,0,0,0,0,0,0,0,0,0,0,0,0,0,0,0,0,0,0,0,0,0,0,0,0,0,0,0,0,0,0,0,0,0,0,0,0,0,0,0,0,0,0,0,0,0,0,0,0,0,0,0,0,0,0,0,0,0,0,0,0,0,0,0,0,0,0,0,0,0,0,0,0,0,0,0,0,0,0,0,0,0,0,0,0,0,0,0,0,0,0,0,0,0,0,0,0,0,0,0,0,0,0,0,0,0,0,0,0,0,0,0,0,PD
MMPD15249256ST,17.31363,0,0,0.59217,0.03756,0,0.75843,3.0261,0.71839,0,0.01718,0,0,0.01295,0,0,0,0,0,0.24764,0,0,0,0.01537,0,0,0.19186,0.0853,0,0,0,0,0,0,0,0,0,0,0,0,0.00745,0.09494,0,0.03302,0,0.5134,0,0,0,1.50001,3.5492,0,1.81164,0,0,0,1.28468,3.07075,1.41672,0.49182,0.78732,10.59833,0.02462,0,1.64121,3.22176,0,1.85415,0.30622,0,1.09714,0.24677,0.37398,0.66499,0.02123,0.20757,0.50161,4.2044,1.08678,2.69162,0.18578,0,0.06891,0.02481,0,0.03556,0.46481,2.09248,0,0,0,0,0,0,0.00886,0,0.35187,0,0,0.08791,0.26309,0,0.05334,0,0.32998,0.04974,1.01205,3.34818,0,1.38555,0,0.19522,0.03428,0.11772,0.25481,0,0.824,0.31036,0,0,0.0455,0,0,0,0,0.01403,0,0,0.38645,0.02489,0.03489,0,0,0.61031,0,0,0,0,0,0,0.0032,0,0,0,0,0,0.46628,0.32348,0,0.48663,0.09934,0,0.0365,0,0,0,0,0,0,0,0,0,0,0,0,0.51054,5.89003,3.67461,3.55022,3.07434,1.13237,0.85711,0.16927,0.14855,0.14031,0.12884,0.10305,0.07714,0.06978,0.03183,0.01488,0.01425,0.01025,0.01008,0.00639,0.00637,0.00609,0.00307,0.00257,0,0,0,0,0,0,0,0,0,0,0,0,0,0,0,0,0,0,0,0,0,0,0,0,0,0,0,0,0,0,0,0,0,0,0,0,0,0,0,0,0,0,0,0,0,0,0,0,0,0,0,0,0,0,0,0,0,0,0,0,0,0,0,0,0,0,0,0,0,0,0,0,0,0,0,0,0,0,0,0,0,0,0,0,0,0,0,0,0,0,0,0,0,0,0,0,0,0,0,0,0,0,0,0,0,0,0,0,0,0,0,0,0,0,0,0,0,0,0,0,0,0,0,0,0,0,0,0,0,0,0,0,0,0,0,0,PD
MMPD79688031ST,10.84284,0.97976,0,0.15879,0.03434,0.18648,0.1706,0.6953,0.1609,0,0,0,0,0.024,0,0,0,0,0,0.01247,0,0,0,0,0,0,0.1498,0,0,0,0,0,0,0,0,0,0,0,0,0,0,1.64044,0,0,0,1.32648,0,0,0,8.23461,2.46701,0,19.50933,0,0,0,0.7215,0.81933,0.04103,0.71595,0.04462,0,0,0,0,1.31354,0,0.37031,1.26605,0,0,0,0.51594,0,0.28563,0,1.86892,0,1.50824,0,0.69606,0,0.83853,0.50087,0,0,0,1.30814,0,0,0,0,0.15432,0,0.09341,0,0.66242,0,0,0,0,0,0.13122,0,0.13087,0.24223,0.64048,5.83122,0.08373,1.8483,0,0,0,0.62139,4.5602,14.13991,0.0773,0.0092,0,0.06629,2.33586,0,0,0,0.01007,0,0,0,0.20141,0,0.16786,0.71952,0,0,0.07213,0,0,0.07339,0,0,0,0,0,0,0,0,0,0,0,1.56927,0.11297,0,0.2317,0,0,0,0,0,0,0,0,0,0,0,0,0,0,0,4.28429,0,0,0,0,0,0,0,0,0,0,0,0,0,0.22073,0,0,0,0,0,0,0,0,0,0,0,0,0.03132,0,0,0,0,0,0,0,0,0,0,0,0,0,0,0,0,0,0,0,0,0,0,0,0,0,0,0.6864,0,0,0,0,0,0,0,0,0,0,0,0,0,0,0,0,0,0,0,0,0,0,0,0,0,0,0,0,0,0,0,0,0,0,0,0,0,0,0,0,0,0,0,0,0,0,0,0,0,0,0,0,0,0,0,0,0,0,0,0,0,0,0,0.02972,0,0,0,0,0,0,0,0,0,0,0,0,0,0,0,0,0,0,0,0,0,0,0,0,0,0,0.50899,0,0,0,0,0,0,0,0,0,0,0,PD
MMPD29762767ST,3.95366,0.61276,0.02125,0.04674,0,0.16343,0.03941,2.34445,0.25452,0,0,0,0,0,0,0,0,0,0,0.96377,0,0,0,0,0,0,0,0.03958,0,0,0,0,0,0,0,0,0,0,0,0,0,1.13525,0,0,0,0.20271,0,0,0,2.41066,33.30232,1.67084,1.18692,0,0,0.02335,0,0.22208,0,0,0,0.20883,0,0,1.72622,2.02205,0,0.29433,0,0,0.51575,0.1013,0.25169,0,0,0.03045,0.05062,0,0.95501,0,0.02265,0,0.09801,1.5384,0,1.04854,0.01258,3.79312,0,0,0,0,0.84895,0,0,0.58606,0,0,0,0.10659,0.50218,0,0,0,0.34813,0,0.00406,4.12638,0,0.49411,0,0,0,0.10596,3.81423,14.5266,0.97994,0.89783,0,0,0.17271,0.11482,0,0,0,0,0,0,0.04161,0,0.61065,0,0,0,0,0,0,0,0,0,0,0,0,0,0,0,0,0,0,0.21628,0.03128,0,0.44656,0,0.01891,0,0,0,0,0,0,0,0,0,0,0,0,0,1.72549,1.87784,0,0,0,0,0,0,0.06553,0,0,0,0,0,0,0,0,0,0,0,0,2.8003,0,0,0,0,0,0,0,0,0,0,2.41652,0,0,0,0,0,0,0,0,0.12722,0,0,0,0,0,0,0,0,0,0,0,0,0,0,0,0,0,0,0,0,0,0,0,0,0,0,0,0,0,0,0,0,0,0,0,0,0,0,0,0,0,0,0,0,0,0,0,0,0,0,0.68497,0,0,0,0,0,0,0,0,0,0,0,0,0,0,0,0,0,0,0,0,0,0,0,0,0,0,0,0,0,0,0,0,0,0,0,0,0,0,0,0,0,0,0,0,0,0,0,0,0,0,0,0,0,0,0,0,0,0,0,0,0,0,0,0,PD
MMPD60018995ST,14.30079,0.79228,0.02337,0.02343,0,0,0.80639,0.3017,0.01033,0,0.0528,0,0.04445,1.01616,0,0,0,0,0,1.24162,0,0,0,0,0,0.03068,0.44165,0.08119,0,0,0,0,0,0,0,0,0,0,0,0,0,0.73332,0,0.02062,0,4.23216,0,0,0,0,20.73519,0,8.54962,0,0,0.11228,0,2.54986,0,0,0,0,0.22597,0,2.0415,2.34966,0,0.48692,0,0,0,0.75079,3.77231,0,0,0.17754,0.74132,0,0,0,0.01006,0,0.43004,0,0,2.68206,0.26594,0,0,0,0,0,0,0,0,0,1.08402,0,0,0,0,0,0.1803,0,0.50997,0,1.31426,5.61565,0,0.865,0,0.10201,0,0.16627,0.14285,0,0,0.40342,0,0,0.05959,0,0,0.05923,0,0.39674,0,0,0.04234,0,0.03653,0.00819,0,0,0,0,0,0.17149,0,0,0,0,0,0,0,0,0,6.06537,0,0.0546,0.13376,0,1.6231,0,0,0,0,0,0,0,0,0,0,0,0,0,0,0,1.26229,0,0,0,0,0,0,0,0.07902,0,0,0,0,0,0,0,0,0,0,0,0,0,0,0,1.06574,0,0,0,0,0,0,0,0,0,0,0,0,0,0,0,0,0,0,0,0,0,0.72912,0,0,0,0,0,0,0,0.05684,0,0,0,0,0,0,0,0,0,0,0,0,0,0.00423,0,0,0,0,0,6.82724,0.2291,0,0,0,0,0,0,0,0,0,0,0,0,0,0,0,0,0,0,0,0,0,0,0,0,0,0,0,0,0,0,0,0,0,0,0,0,0,0,0,0,0,0,0,0,0,0,0,0,0,0,0,0,0,0,0,0,0,0,0,0,0,0.63644,0,0,0,0,0,0,0,0,0,0,0,0,0,0,0,0,0,0,0,PD
MMPD27078321ST,5.24284,0.35021,0,0,0.20677,2.05468,0.09336,9.18334,0.05771,0,0,0,0,0.08627,0,0.33458,0.47713,0,0,2.78059,0,0,0,0,0,0,0.04893,0,0,0,0,0,0.08968,0,0,0,0,0,0,0,0,0.4774,0,0,0,0,0,0,0,0.2304,0.40914,0,1.1716,0,0,1.07553,0.73501,0,0,1.43316,0,0.03202,0,0,0,5.01526,0,0.49431,1.74579,0,0,0,0.08166,0,0.27283,0,0,0.32704,0.80519,0.55315,0.08313,0,0,0,0,17.54788,0,0,0,0,0,0,0,0,0,0,0.19225,0,0,0,0.06703,0,0,0,0.06779,0,0.13802,12.45728,0,0,0,0,0,1.82233,0.00395,0,0,0.21221,0,0,0.64699,0,0.61731,0,0,0,0,0,0,0,0,0,0,0,0,0,0,0,0,0,0,0,0,0,0,0,0,0,0,0,0.24956,0,0.03378,0,0,0,0,0,0,0,0,0,0,0,0,0,0,0,1.94914,0,0,0,0.09922,0,0,0,0.05398,0,0,0,0,0,0,0,0,0,0,0,0,0,0,0,0,0,0,0,0.20171,0.00556,0,0,0,0,0,0,0,0,0,0,0,0,0,0,0,0,0,0,0,0,0,0,0,0,0,0,0,0,0.04793,0,0,0,0,0,0,0,0,0,0,0,0,0,0,0,0,0,0.26282,0,0,1.09732,0,19.89539,5.29899,0.8188,0.20658,0.05204,0.0054,0,0,0,0,0,0,0,0,0,0,0,0,0,0,0,0,0,0,0,0,0,0,0,0,0,0,0,0,0,0,0,0,0,0,0,0,0,0,0,0,0,0,0,0,0,0,0,0,0,0,0,0,0,0,0,0,0,0,0,0,0,0,0,0,0,0,0,0,0,0,PD
MMPD79900020ST,3.39676,11.18207,0,0.6136,0,0.5292,0.60743,8.3876,0.30739,0.17545,0,0,0,0.02872,0,0.01827,0,0,0,1.74287,0,0,0,0,0,0,0.31194,0.04687,0,0,0,0,0,0,0,0,0,0,0,0,0,0.05628,0,0,0,3.44406,0,0,0,0.14932,4.45669,4.87399,7.26768,0,0,1.57702,0.25584,0,0,0.45897,0,4.07312,1.35806,0,0,1.41039,0,0.85236,0,0,0,0,0,1.01751,0,0.38749,0.47849,0,0.89803,0.12094,0.12581,0,0.30159,0,0,0,0.68986,0.45689,0,0,0,0,0,0,2.7865,0,0.52155,0,0.24619,0.03502,0,0,0,0,0.11404,0,1.06417,5.14149,0,0.80984,0,0.00814,0,0.10746,0.08945,0,1.83685,0.37811,0,0,0,0.56558,0,0.18426,0,0,0,0,0,0,0,0.01066,0,0,0,0,0,0,0,0,0,0,0,0,0,0,0,20.91038,0,0,0,0,0.81855,0,0,0,0,0,0,0,0,0,0,0,0,0,0,0,1.07671,0,0,0,0,0,0,0,0,0,0,0,0,0,0,0,0,0,0,0,0,0,0,0,0.14078,0,0,0,0,0,0,0,0,0,0,0,0,0,0,0,0,0,0,0,0,0,0,0,0,0,0,0,0,0,0,0,0,0,0,0,0,0,0,0,0,0,0,0,0,0,0,0,0,0,0,0,0,0,0,0,0,0,0,0,0,0,0,0,0,0,0,0,0,0,0,0,0,1.06439,0,0,0,0,0,0,0,0,0,0,0,0,0,0,0,0,0,0,0,0,0,0,0,0,0,0,0,0,0,0,0,0,0,0,0,0,0,0,0,0,0,0,0,0,0,0,0,0,0,0,0,0,0,0,0,0,0,0,0,PD
MMPD65722427ST,0.15165,0.83245,0,0.70759,0.26691,0.55751,0,6.17977,0.16421,0,0,0.0772,0,0,0,16.43501,0,0,0,2.72304,0,0,0,0,0,0,0.26509,0,0,0,0,0.06244,0,0,0,0,0,0.09042,0,0,0,0.02517,0,0,0,1.68177,0,0,0,5.48634,5.20057,0,0.9482,0,0,0,0.84328,0,0,0,0.64477,3.06802,0.48541,0,0,3.21471,0,0.66763,1.4823,0,0.3334,0,0.1025,0,0.13028,0,0.46209,0.08275,0.98708,1.71416,0.06058,0,0.28677,0.03612,0,1.53725,0.12107,1.23662,0,0,0,0,0.15279,0,2.74707,0,0.02605,0,0,0,0,0,0.03964,0,0.73716,0,0.17132,4.91183,0.65063,2.14617,0,0.01137,0,0.03839,4.61095,11.70233,0,0.39298,0,0,0.1797,0,0,0,0,0,0,0,0.08577,0,0,0.1166,0,0,0,0,0,0,0,0,0,0,0,0,0,0,0,0,0,0,2.06571,0,0,0,0,0,0,0,0,0,0,0,0,0,0,0,0,0,0,0,0,1.54375,0,0,0,0,0,0,0,0,0,0,0,0,0,0,0,0,0,0.76073,0.35324,0,0,0,0,0,0,0,0,0.78964,0,0,0,0,0,0,0,0,0,0.05501,0,0,0,0,0,1.7724,0,0,0.31984,0,0,0,3.77616,0.49062,0,0,0,0,0,0,0,0,0,0,0,0,0,0,0,0,0,0,0,0,0,0,0,0,0,0,0,0,0,0,0,0,0,0,0,0,0,0,0,0,0,0,0,0,0,0,0,0,0,0,0,0,0,0,0,0,0,0,0,0,0,0,0,0,0,0,0,0,0,0,0,0,0,0,0,0,0,0,0,0,0,0,0,0,0,0,0,0,0,0,0,0,0,0,0,0,0,0,0,0,0,PD
MMPD27380896ST,0,2.15051,0,0,0,1.70479,0,2.72296,0.58052,0,0,0,0,0,0,0,0,0,0,0,0,0,0,0,0,0,0,0,0,0,0,0,0,0,0,0,0,0,0,0,0,0,0,36.50182,0,0.49241,0,0,0,0.37749,2.20676,0,0,0,0,0.63234,0,0,0,0.19507,6.41111,0.69196,0,0,0.89071,0.58415,0,0,6.77157,0,0,0,0.24792,0.75077,0,2.89161,0,0,0.53088,1.4407,0.22584,0,0,0.96118,0,0,0.04499,0,0,0,0,0,0,0,0,0,0,0,0,0,0,0,0,0,2.71194,0,0,8.21858,0,0,0,0,0,0,0,12.72105,0.20116,0.4961,0,0,0,0,0,0,0,0,0,0,0,0,0,0,0,0,0,0,0,0,0,0,0,0,0,0,0,0,0,1.08785,0,0,0,0,0,0,0,0,0,0,0,0,0,0,0,0,0,0,0,0,0.77443,0,0,0,0,0,0.0927,0,0.82871,0,0,0,0,0,0,0,0,0,0,0,0,0,0,2.85944,0,0,0,0,0,0,0,0,0,0,0,0,0,0,0,0,0,0,0,0,0,0,0,0,0,0,0,0,0,0,0,0,0,0,0,0,0,0,0,0,0,0,0,0,0,0,0,0,0,0,0,0,0,0,0,0,0,0,0,0,0,0,0,0,0,0,0,0,0,0,0,0,0,0,0,0,0,0,0,0,0,0,0,0,0,0,0,0,0,0,0,0,0,0,0,0,0,0,0,0,0,0,0,0,0,0,0,0,0,0,0,0,0,0,0,0,0,0,0,0,0,0,0,0,0,0,0,0,0,0,0,0,0,PD
MMPD13967032ST,0.0628,0.0712,0,0.02583,0.01312,0.18879,3.94641,2.51301,0.72827,0,0.00275,0.26819,0,0.03703,0,0.05077,0.05219,0,0,0.14779,0,0,0,0,0,0,0.32628,0.01769,0,0,0,0.01234,0,0,0.00833,0,0,0,0,0,0,1.36848,0,0.01081,0,1.14931,0,0,0,1.29383,15.10157,0,4.03317,0,0,0.43834,1.86798,3.64331,0,3.26491,0.85526,8.43865,0,0,5.56363,1.35174,0,0.32949,1.75529,0,0,0,0.00371,0,0,0.02098,0.5424,0.07294,0.92059,0,0.1969,0,0.59996,0.07154,0,0.11051,0.10256,0,0,0,0,0,1.91133,0,0.25159,0,0.39262,0,0,0,0,0,0.68569,0,0.15113,0.88508,0.48522,0,0,0,0,0.16169,0,0.03006,17.35496,11.72336,0.81226,0.65138,0.63255,0.61411,0.40775,0.32426,0.16909,0.22249,0.14847,0.0605,0.05104,0.04747,0.04439,0.0358,0.01933,0.01876,0.01771,0.01574,0.01543,0.01457,0.01172,0.00562,0.0053,0.00451,0.00295,0.00255,0.00237,0.00174,0.00174,0.00127,0,0,0,0,0,0,0,0,0,0,0,0,0,0,0,0,0,0,0,0,0,0,0,0,0,0,0,0,0,0,0,0,0,0,0,0,0,0,0,0,0,0,0,0,0,0,0,0,0,0,0,0,0,0,0,0,0,0,0,0,0,0,0,0,0,0,0,0,0,0,0,0,0,0,0,0,0,0,0,0,0,0,0,0,0,0,0,0,0,0,0,0,0,0,0,0,0,0,0,0,0,0,0,0,0,0,0,0,0,0,0,0,0,0,0,0,0,0,0,0,0,0,0,0,0,0,0,0,0,0,0,0,0,0,0,0,0,0,0,0,0,0,0,0,0,0,0,0,0,0,0,0,0,0,0,0,0,0,0,0,0,0,0,0,0,0,0,0,0,0,0,0,0,0,0,0,0,0,0,PD
MMPD59466593ST,1.51277,0.80808,0,0,0,0.9563,0.24921,12.29601,0.69996,0,0.25186,0,0,0,0,0,0,0,0,0.57113,0,0,0,0,0,0,0.23276,0,0,0,0,0,0,0,0,0,0,0,0,0,0,0,0,24.80766,0,0.97359,0,0,0,2.52191,0.50481,2.20607,2.77377,1.00235,0,2.59093,0.07252,0,0,0,0.41424,1.65398,2.57149,0,0.80978,0.70246,0,0.46713,0.53977,7.42518,0,0.11195,0.08559,0.36971,0,0.10455,0.20915,0.21533,1.31135,0.50933,0.26183,0,0.15007,0.14337,0,8.3489,0.40654,0,0,0,0,0,0.32401,0,0.57256,0,0.6404,0,0.32888,0,0,0,0,1.0178,0.06993,0.07446,0.31141,5.02799,0.00782,0,0,0.07854,0,0,4.18742,0,0.12515,0.05101,0,0,0.11252,0,0,0.0747,0,0,0,0,0,0,0,0,0,0,0,0,0,0,0,0,0,0,0,0,0,0,0,0.47118,0,0,0,0,0,0,0,0,0,0,0,0,0,0,0,0,0,0,0,0,0.40345,0,0,0,0.04656,0.43411,0,0,0,0,0,0,0,0,0,0,0.00497,0,0,0,0,0,0,0,0,0,0,0,0,0,0,0,0,0,0,0,0,0,0,0,0,0,0,0,0,0,0,0,0,0,0,0,0,0,0,0,0,0,0,0,0,0,0,0,0,0,0,0,0,0,0,0,0,0,0,0,0,0,0,0,0,0,0,0,0,0,0,0,0,0,0,0,0,0,0,0,0.25069,0,0,0,0,0,0,0,0,0,0,0,0,0,0,0,0,0,0,0,0,0,0,0,0,0,0,0,0,0,0,0,0,0,0,0,0,0,2.86584,0.60951,0.06566,0,0,0,0,0,0,0,0,0,0,0,0,0,0,0,0,0,0,0,0,PD
MMPD58315584ST,23.7558,0,0,0.92803,0.22001,0.13481,0,5.78713,0.28594,0,0,0,0,0.06428,0,0,0,0,0,1.97343,0,0,0,0,0,0,0.03865,0,0,0,0,0,0,0,0,0,0,0,0,0,0,0.08614,0,0.02096,0,0.43172,0,0,0,5.2207,6.47022,0,0,0,0,0.61954,0,0,0,0,1.92476,0,0,0,0,2.77678,0,1.08916,0,0,0,0,21.05843,0,0.27336,0.5208,0,0,0.63429,0,0.7809,0,0.04594,0.77973,0,1.89918,0.28158,0,0,0,0,0,0,0,0.63219,0,0.11596,0,0,0,0,0,0.04125,0,1.16848,0,0.19814,3.22995,1.78935,4.3017,0,0,0,0.18616,0.33844,1.74176,0.34515,0,0,0,0.30389,0,0,0.03292,0,0,0,0,0.21419,0,0,0,0,0,0,0,0.05836,0,0,0,0,0,0,0,0,0,0,0.42758,0,0,0.26789,0,0.13375,0,0,0,0,0,0,0,0,0,0,0,0,0,0,0,2.06734,0,0,0,0,0.02798,0,0,0,0,0,0,0,0,0,0,0,0,0,0,0,3.9402,0,0.33509,0,0,0,0,0,0,0,0,0,0,0,0,0,0,0,0,0,0,0,0,0,0,0,0,0,0,0,0,0,0,0,0,0,0,0,0,0,0,0,0,0,0,0,0,0,0,0,0,0,0,0,0,0,0,0,0,0,0,0,0,0,0,0,0,0,0,0,0,0,0,0,0,0,0,0,0,0,0,0,0,0,0,0,0,0,0,0,0,0,0,0,0,0,0,0,0,0,0,0,0,0,0,0,0,0,0,0,0,0,0,0,0,0,0,0,0,0,0,0,0,0,0,0,0,0,0,0,0,0,0,0,0,0,PD
MMPD37940420ST,1.52658,1.07235,0,0.43162,0,1.72706,0.28887,4.5713,1.90881,0,0,0,0,0.1543,0,0.08857,0,0,0,3.69445,0,0,0,0,0,0,0,0,0,0,0,0,0,0,0,0,0,0,0,0,0,0.20118,0,0,0,0.35178,0,0,0,0.55189,8.16941,0,0,0,0,0,1.05891,0,0,0,0.06401,0,0,0,0,2.38557,0,0.65007,0,0,0,0,3.57303,0,0,0,1.92206,0.042,9.21234,0.03538,0.04053,0,1.81704,0.14137,0,1.63608,0.12362,0,0,0,0,0,0,0,0.31423,0,0.10345,0,0,0,0,0,0.88299,0,3.05423,0.28714,0.50212,7.33733,0,0,0,0,0,0,26.89411,0,0.08762,0.68836,0,0,0.32319,0,0,0,0,0,0,0,0.13382,0,0,0,0,0,0,0,2.10336,0,0,0,0,0,0,0,0,0,0,2.03992,0,1.09344,0.0389,0,1.15856,0,0,0,0,0,0,0,0,0,0,0,0,0,0,0,0,0,0,0,0,0.39709,0,0,0,0,0,0,0,0,0,0,0,0,0,0,0,0,0.77607,0.00844,0,0,0,0,0,0,0,0,0,0,0,0.08648,0,0,0,0,0,0,0,0,0,0,4.16183,0,0,0,0,0,0,0,0,0,0,0,0,0,0,0,0,0,0,0,0,0,0,0,0,0,0,0,0,0,0,0,0,0,0,0,0,0,0,0,0,0,0,0,0,0,0,0,0,0,0,0,0,0,0,0,0,0,0,0,0,0,0,0,0,0,0,0,0,0,0,0,0.08714,0,0,0,0,0,0,0,0,0,0,0,0,0,0,0,0,0,0,0,0,0,0,0,0,0,0,0,0,0,0,0,0,0,0,0,0,0,0,PD
MMPD25043039ST,0.45923,0,0,0,0,0,0.02133,10.746,0,0,0,0,0,0.12191,0,1.44731,0.42083,0,0,1.62134,0,0,0,0,0,0,0,0,0,0,0,0.16612,0,0,0,0,0,0,0,0,0,6.21463,0,0,0,3.89524,0,0,0,0.13749,1.97901,0,0.73559,0,0,0,0,0,0,0.80573,0.07849,0.16146,0,0,0,0.42988,0,0.07184,0.1013,0.2388,0,0.9652,0,0,0,0,0,0,0.25217,0,0.01305,0,0,0.31235,0,0,0.18008,0,0,0,0,0,0,0,3.09309,0.14756,0,0,0,0,0,0,0,0,2.02007,0,0,10.45799,0.85904,0,0,0,0,0.05893,30.745,0,0,0,0,0,0.30606,0.91824,0,0.25831,0,0,0.1498,0,0.16006,0,0.33282,0.01764,0,0,0,0,0,0,0,0,0,0,0,0,0,0,0,11.65991,0,0,0,0,3.79476,0,0,0,0,0,0,0,0,0,0,0,0,0,0,0,0.24643,0,0,0,0,0,0,0,0.01112,0,0,0,0,0,0,0,0,0,0,0,0,0,0,0,0,0,0,0,0,0.16513,0,0,0,0,0.09378,0,0,0,0,0,0,0,0,0.10176,0,0,2.55397,0,0,0,0,0,0,0,0,0,0,0,0,0,0,0,0,0,0,0,0,0,0,0,0,0,0,0,0,0,0,0,0.02807,0,0.13707,0,0,0,0,0,0,0,0,0,0,0,0,0,0,0,0,0,0,0,0,0,0,0,0,0,0,0,0,0,0,0,0,0,0,0,0,0,0,0,0,0,0,0,0,0,0,0,0,0,0,0,0,0,0,0,0,0,0,0,0,0,0,0,0,0,0,0,0,0,0,0,0,0,0,0,0,PD
MMPD44276157ST,1.13562,0.25049,0,0.00228,0.00255,0.59855,0.2859,17.81462,0.07614,0,0,0,0,0.22875,0,2.15799,0,0,0,1.31149,0,0,0,0,0,0,0.04793,0.09897,0,0,0,0,0,0,0,0,0,0,0,0,0,1.76959,0,8.8863,0,4.58484,0,0,0,0.07767,3.77311,1.47285,1.97844,0,0,1.3779,0.02514,0.09928,0,0,2.02131,1.08543,0,0,0.24494,1.48203,0,0.36724,6.90346,0,0,0.4847,0,0.07449,0.65873,0.59495,0.12488,0.10485,1.27562,1.88824,0.82746,0.11155,0.02507,1.14215,0,3.84132,0.24419,0.0503,0,0,0,0,0.00614,0,0.05417,0,0,0,0,0.07779,0,0,0,0,0.10341,0.05238,0,12.0864,0,0.23693,0,0,0,0.11834,4.22363,1.14529,0.05752,1.93599,0,0,0.59975,0,0,0.06019,0,0.08949,0.0296,0.24794,0,0,0.03069,0,0,0,0,0,0.02081,0.06909,0,0,0,0,0,0,0,0,0.07566,0.22918,0,0,0,0,0,0,0,0,0,0,0,0,0,0,0,0,0.01846,0,0,0.05175,0.61108,0,0,0,0,0.00912,0.05495,0,0,0,0.07683,0,0,0,0,0,0,0,0,0,0,0,0,2.80857,0.2166,0.05696,0,0,0.15238,0,0,0,0,0,0.25555,0.24005,0,0,0,0,0,0,0,0,0.15001,0,0,0,0,0,0,0,0,0.11957,0,0,0,0,0.24323,0,0,0,0,0,0,0,0,0,0,0,0,0,0,0,0,0,0,0,0,0,0,0,0,0,0,0,0,0,0,0,0,0,0,0,0,0,0,0,0,0,0,0,0,0,0,0,0,0,0,0,0,0,0,0,0,0,0,0,0,0,0,0.91525,0.53834,0.23271,0.03548,0.00458,0,0,0,0,0,0,0,0,0,0,0,0,0,0,0,0,0,0,0,0,0,0,0,0,0,0,0,0,0,0,0,PD
MMPD97202411ST,0.8281,4.24098,0,0.04316,0,2.17342,0,6.50586,0,0,0,0,0,0,0,0,0,0,0,0.50563,0,0,0,0,0,0,0,0,0,0,0,0,0,0,0,0,0,0,0,0,0,0.58595,0,1.51919,0,14.82671,0,0,0,0,1.08753,1.48213,2.39708,0,10.34549,0,0.10578,0,0,0,4.94979,0.2967,0.47352,0,0.02847,0.06116,0,0,0.3808,0,0,2.44506,0,0,0,0.58116,0.16797,0,0,0,0.33405,0.05302,0,0.20622,4.73835,1.46205,1.38078,0,0,0,0,0,0,0,1.92576,0,0,0,0,0,0,0,0,0.1861,0,0.23031,0.20392,0.05864,0,0.02559,0,0,0,0,1.38237,2.2522,0,0,0,0,0,0,0,0,0,0,0,0,0,0,0,0.03557,0,0,0,0,0,0,0,0,0,0,0,0,0,0,0.42775,15.4216,0,0.72556,0,0,2.03553,0,0,0,0,0,0,0,0,0,0,0,0,0,0,0,0,1.46174,0,0,0,0,0,0,0,0,0,0,0,0,0,0,0,0,0,0,0.06214,0,0,0,0,0,0,0,0,0,0,0,0,0,0,0,0,0,0,0,0,0,0,0,0,0,0,0,0,0,0,0,0,0,0,0,0,0,0,0,0,0.4128,0,0,0,0,0,0,0,0,0,0,0,0,0,0,0,0,0,0,0,0,0,0,0,0,0,0,0,0,0,0,0,0.49688,0,0,0,0,6.43601,0,0,0,0,0,0,0,0,0,0,0,0,0,0,0,0,0,0,0,0,0,0,0,0,0,0,0,0,0,0,0,0,0,0,0,0,0,0,0,0,0,0,0,0,0.88258,0,0,0.70594,0,0,0,0,0,0,0,0,0,0,PD
MMPD21946553ST,19.64903,0.63094,12.69377,0,0.30112,4.43714,0.26942,3.27885,0.11696,0,0,0,0,0.96659,0,6.16567,0.37126,0,0.35316,0.60392,0,0,0,0.06229,0,0,0,0.03327,0,0,0,0,0,0,0,0,0,0,0,0,0,0.41858,0,0.66795,0,1.21043,0,0,0,0.99057,3.05222,0,0.04701,0,0,3.40382,0.52151,0,0,0,1.18202,0.08515,2.82949,0,0,0.28889,0,0.63797,1.59437,0,0,0,0.90308,0,0.51839,2.02045,0.70064,0,0.12575,0,0.08862,0,0,0.02723,0,0.29093,0.12632,0,0,0,0,0,0,0,0.10324,4.66814,1.04727,0,0,0,0,0,0.15515,0,0.2706,0,0.04676,3.53959,0.16716,0.3071,0,0,0,0.2866,3.47838,0,0,2.54343,0,0,0.53388,0,0,0.46616,0,0,0,0,0.01969,0,0.29531,0,0,0,0,0,0,0,0,0,0,0,0,0,0,0,0,0,0,0.9515,0,0,0.38724,0,0,0,0,0,0,0,0,0,0,0,0,0,0,0,4.7309,0,0,0,0,0,0,0.79309,0,0.12601,0,0,0,0,0,0,0.29551,0,0,0,0,0,0,0.04097,0,0,0,0,0,0,0,0,0,0,0,0,0,0,0,0,0,0,0,0,0,0,0,0,0,0,0,0,0,0,0,0,0,0,0,0,0,0,1.68081,0.83294,0.30495,0.20555,0.04113,0.00844,0.00775,0,0,0,0,0,0,0,0,0,0,0,0,0,0,0,0,0,0,0,0,0,0,0,0,0,0,0,0,0,0,0,0,0,0,0,0,0,0,0,0,0,0,0,0,0,0,0,0,0,0,0,0,0,0,0,0,0,0,0,0,0,0,0,0,0,0,0,0,0,0,0,0,0,0,0,0,0,0,0,0,0,0,0,0,0,0,0,0,PD
MMPD15431352ST,6.97426,0,0,3.36742,0.05796,0.71088,0,25.44127,0.10862,0,0,0,0,0.38848,0,0,0.23416,0,0,0.74861,0,0,0,0,0,0,0.05166,0,0,0,0,0,0,0,0,0,0,0,0,0,0,0.35997,0,0.07223,0,7.17593,0,0,0,0.26671,1.40262,0,0.04772,0,0,0.82035,0.19472,0.02542,0.52624,0.9326,6.95936,0.27293,0,0,0.58425,0.20086,0,0.26006,4.40451,0,0.03578,2.52334,0,0,0.07793,0.61631,0.14855,0.27156,0.25735,0.87245,1.0476,0,0,0.68506,10.45779,1.35179,0.40272,0.86317,0,0,0,0,0,0,1.57466,0,0.04237,0,0,0,0,0,0,0,0.52344,0,0.23403,8.47339,0.22038,0.4601,0,0,0,0.25347,0,0,0,0.08854,0,0,0.593,0,0,0.99773,0,0,0,0,0.0967,0,0.1066,0.12157,0,0,0,0,0,0,0,0,0.02336,0,0,0,0,0,0.10561,0.03106,0,0,0,0,1.37541,0,0,0,0,0,0,0,0,0,0,0,0,0,0,0,1.25105,0,0,0,0,0,0.0932,0,0,0,0.06347,0,0,0,0,0,0,0,0,0,0,0.57488,0.19419,0.12899,0.08835,0.01122,0,0,0,0,0,0,0,0,0,0,0,0,0,0,0,0,0,0,0,0,0,0,0,0,0,0,0,0,0,0,0,0,0,0,0,0,0,0,0,0,0,0,0,0,0,0,0,0,0,0,0,0,0,0,0,0,0,0,0,0,0,0,0,0,0,0,0,0,0,0,0,0,0,0,0,0,0,0,0,0,0,0,0,0,0,0,0,0,0,0,0,0,0,0,0,0,0,0,0,0,0,0,0,0,0,0,0,0,0,0,0,0,0,0,0,0,0,0,0,0,0,0,0,0,0,0,0,0,0,0,0,PD
MMPD17444064ST,0.37954,0.02732,0,0,0,0,0,7.55396,0,0,0,0,0,0.78169,0,0,0,0,0,0.71665,0,0,0,0,0,0,0.02973,0,0,0,0,0.89543,0,0,0,0,0,0,0,0,0,8.39258,0,0.03708,0,13.24246,0,0,0,0,0.73318,0.05148,0.16777,0.31733,0,0.33746,0.03651,0.00581,0.0607,0.15683,0.81561,0.21383,0,0,0.05156,0.07079,0,0,0.03475,0,0,0,0.00328,0.08695,0.00975,0.12168,0.07943,0,0.02757,0.04863,0.05236,0,0.06945,1.22893,0,0.16625,0.35822,0,0,0,0,0,0,0,8.33052,0,0.05245,0,0,0,0,0,0,0,0,0.01093,0.03089,8.89774,0,0,0,0,0,0.09268,30.08196,0,0,0.23424,0,0,0.28013,0,0,0.65936,0.01998,0,0.0501,0,0,0,0,0.07735,0,0,0,0,0,0,0,0,0.00619,0,0,0,0,0,0.83376,4.66699,0,0,0,0,1.08975,0,0,0,0,0,0,0,0,0,0,0,0,0,0,0,0,0.0335,0,0,0,0,0,0,0.80022,0,0.13541,0,0,0,0,0,0,0,0,0,0,0,0,0,0,0,0,0,0,0,0,0,0,0,0,0,0,0,0,0,0,0,5.56737,0.41511,0.08757,0.02168,0,0,0,0,0,0,0,0,0,0,0,0,0,0,0,0,0,0,0,0,0,0,0,0,0,0,0,0,0,0,0,0,0,0,0,0,0,0,0,0,0,0,0,0,0,0,0,0,0,0,0,0,0,0,0,0,0,0,0,0,0,0,0,0,0,0,0,0,0,0,0,0,0,0,0,0,0,0,0,0,0,0,0,0,0,0,0,0,0,0,0,0,0,0,0,0,0,0,0,0,0,0,0,0,0,0,0,0,0,0,0,PD
MMPD78206795ST,0.58243,0.14325,0,0.04379,0,0.92062,0,19.15781,0.18907,0,0,0,0,0.26612,0,0,0.08326,0,0,0.49489,0,0,0,0,0,0,0.04453,0,0,0,0,0,0,0,0,0,0,0,0,0,0,0.09453,0,5.20211,0,5.07707,0,0,0,0.67303,0.81767,0,0.48912,0,0,0.1707,0,0.13216,0,0,3.36902,0.03972,0,0,0.04315,0.23659,0,0.18864,2.05887,7.10409,0.01377,1.34974,0.04315,0,0,0.17977,0.09781,0.01432,0.36364,0,0.2759,0,0.04207,0.51122,2.51017,0.12803,0.10689,0,0,0,0,0,0.01871,0,0.05001,0,0,0,0,0,0,0,0,0,0.08261,0.18893,0.10892,2.43852,0,0.05966,0,0.00866,0.09362,0,12.45961,0,0,0,0,0,0.33033,0.50793,0,0,0,0,0.28341,0,0.01022,0,0.00342,0,0,0,0,0,0,0,0,0,0,0,0,0,0,0,0,9.58356,0,0.05038,0,0,1.53209,0,0,0,0,0,0,0,0,0,0,0,0,0,0,0,0.26199,0,0.08884,0,0.03807,0.1442,0,0.04106,0,0,0,0,0,0,0,0,0.4303,0,0,0,0,0.02212,0.08182,0,0,0,0.01395,0,0,0,0,0,0,0,0.43124,0,0,0.83045,0,0,0,0,0,0,0.27707,0,1.87383,0,0,0,0,0,0,0,0.10331,0,0,0,0,0,0,0,0,0,0,0,0,0,0,0,6.88217,0,0,0,0,0,0,0,0,0,0,0,0,0,0,0,0,0,0,0,0,0,0,0.01563,0,0,0,1.93707,0,0,0,0,0,0,0,0,0,0,0,0,0.78101,0,0,0,0,0,0,0,0,0,0,0,0,0,0,0,0,0,0,0,0,0,0,0,0,0,0,0,0,0,0,0,0,2.33606,0.00326,0,0,0,0,0,0,0,0,0,0,0,0,PD
MMPD44591718ST,0.70847,1.70154,0.47242,0.02068,1.4057,0.15331,0.00142,2.54118,4.21686,0,0.22089,0,0,0,0.0699,0,0,0,0.41282,2.04487,0,0.0231,0,0,0.03183,0,0.8841,0.66794,0,0,0,1.60489,1.11178,0,0.02371,0,0,0,0,0,0,0.05407,0,0,0,0,0,0,0,0,0.51335,0,25.56476,0,0,0.24573,0,0.36929,0,0.2643,0,0.04437,0,0,0,0,0,0,0,2.55698,0,0,0.00369,0,0,0.01022,3.01439,0,0,1.19879,0.32621,0,6.86523,0.13426,0,2.07517,0.37796,0,0,0,0,0,0,0,0,0,9.07774,0,0,0.19274,0,0,0.32307,0,0,0,8.83289,0,0,0.01396,0,1.08077,0,0,0,1.57058,0.00159,2.3905,0.36718,0,0,0,0,4.81823,0,0,0,0,0,0,0,2.14298,0,0,0,0,0,0,0,0,0,0,0,0,0,0.07584,0,6.2668,0,0,0,0,0.24564,0,0,0,0,0,0,0,0,0,0,0,0,0,0,0,0.16564,0,0,0,0,0,0,0,0,0,0,0,0,0.03144,0,0,0,0,0,0,0,0,0,0.12351,0,0.04837,0,0,0,0,0,0,0,0,0,0,0,0,0,0,0,0,0,0,0,0,0,0,0,0,0,0,0,0,0,0,0,0,0.26316,0,0,0,0,0,0,0,0,0,0,0,0,0,0,0,0,0,0,0,0,0,0,0,0,0,0,0,0,0,0,0,0,0,0,0,0,0,0,0,0,0,0,0,0,0,0,0,0,0,0,0,0,0,0,0,0,0,0,0,0,0,0,0,0,0,0,0,0.03118,0,0,0,0,0,0,0,0,0,0,0,0,0,0,0,0,0,0,0,0,0,0,0,0,0,0,0,0,0,0,PD
MMPD20413160ST,3.00112,0.26298,0,1.96271,0.05459,1.40369,0.38012,5.11001,0.64571,0,0.19377,0.25147,0,0.30297,0,0,0.74743,0,0,2.97414,0,0,0,0,0,0,0.1047,0,0,0,0,0,0,0,0,0,0,0,0,0,0,0.19006,0,0.00757,0,0.87612,0,0,0,14.38046,1.3658,6.35733,3.47376,0,0,0.98536,0.10184,0.0184,0,0,0.46803,2.34139,0,0,0.60857,0.54146,0,0.62704,0,0,0,0,1.21041,0,0.13177,2.68306,0.90594,0.75268,0.6404,2.88466,0.07129,0,0.10471,2.16633,0,5.41298,0.06426,0.83906,0,0,0,0,0,0,0.11827,0,0.76309,0,0,0,0.13526,0,0.00358,0,1.52176,0,0.4516,0.20807,0,1.88383,0,0,0.04739,0.76676,0.88692,11.17517,2.39046,0,0,0,0.3936,0,0,0.03882,0,0,0,0,0.50069,0,0.09222,0,0,0,0.01409,0,0,0,0,0,0,0,0,0,0,0,0,0.95881,0,0.02961,0.29985,0,0.85155,0,0,0,0,0,0,0,0,0,0,0,0,0,0,0,0.41073,0,0,0,0.04024,1.36132,0,0,0.20218,0,0.1004,0,0,0,0,0,0.07414,0,0,0,0,0,0,0,0,0,0.02073,0,0,0,0,0,0,0,0,0,0,0,0,0,0,0,0,0,0,0,0,0,0,0,0,0,0,0,0,0,0,5.45447,0.79288,0.23564,0.08815,0.0816,0,0,0,0,0,0,0,0,0,0,0,0,0,0,0,0,0,0,0,0,0,0,0,0,0,0,0,0,0,0,0,0,0,0,0,0,0,0,0,0,0,0,0,0,0,0,0,0,0,0,0,0,0,0,0,0,0,0,0,0,0,0,0,0,0,0,0,0,0,0,0,0,0,0,0,0,0,0,0,0,0,0,0,0,0,0,0,0,0,0,0,0,0,0,0,PD
MMPD19218411ST,5.59569,0,0,0.00362,0,0.3053,0.17778,19.7835,0.39146,0,0,0.35028,0,0.0292,0,0.15002,0,0,0,4.86555,0,0,0,0,0,0,0.24479,4.13492,0,0,0,0,0,0.00966,0,0,0,0.21896,0,0,0,0.41038,0,0.02994,0,1.85214,0,0,0,0.31615,1.10235,0,10.49883,0,0,0.15417,0.17798,0.17245,0,0,0,0.05798,0,0,0.691,0.67968,0,0.61588,0,2.1619,0,0,0.36055,0.11342,0.09425,0.06446,1.23679,0,0,0,0.3417,0.00346,0.16946,2.76989,0,3.17733,0.44372,0.65413,0.185,0,0,0,0,0,0.01623,0,0.01154,0,0.0914,0.53417,0,0,0,0,0.6407,0.13395,0.37005,7.67079,0,0.52029,0,0,0,0.00305,0,0,0.09463,0.0329,0,0.12081,0,0.56125,0,0.28146,0,3.37923,0,0,0.03327,0,0,0.07772,0,0,0,0,0,0,0,0,0,0,0,0,0,0,0,11.54066,0,0,0,0,2.78438,0.00762,0,0,0,0,0,0,0,0,0,0,0,0,0,0.12097,1.58346,0,0,0,0,0.57951,0,0,0,0.01525,0,0.05046,0,0,0.00831,0,0,0,0,0,0,0,0,0,0.02763,0,0,0,0,0.00251,0,2.52152,0,0,0,0,0,0,0,0,0,0,0,0,0,0,0,0,0,0.55083,0.3973,0.26867,0.10699,0.00406,0,0,0,0,0,0,0,0,0,0,0,0,0,0,0,0,0,0,0,0,0,0,0,0,0,0,0,0,0,0,0,0,0,0,0,0,0,0,0,0,0,0,0,0,0,0,0,0,0,0,0,0,0,0,0,0,0,0,0,0,0,0,0,0,0,0,0,0,0,0,0,0,0,0,0,0,0,0,0,0,0,0,0,0,0,0,0,0,0,0,0,0,0,0,0,0,0,0,0,0,0,0,0,PD
MMPD47465864ST,0.8485,0,0,0.33422,0,0.04843,1.66768,7.0097,0.30728,0,0.10582,0.23614,0,0,0.02927,0.42438,0.02639,0,0,0.83821,0,0,0,0,0,0,0.03349,1.1502,0,0,0,0,0,0,0,0,0,0,0,0,0,0.11471,0,0,0,0.83788,0,0,0,0.29734,6.52718,0,0,0,0,0.59886,0.1369,16.13723,0.99246,0,1.31773,3.15682,0.08822,0,1.01098,1.07401,0,0.42296,1.50902,0,0,0.18343,0.12521,0,0.1097,2.78947,0.27358,0,0.82329,0.79855,0.10739,0,0.47353,0.34895,0,0.90342,0.26501,0,0,0,0,0,0.0565,0,0.00988,0,0.00216,0,0,0.2948,0.14663,0,0.10029,0,0.05327,0.02134,0.16626,8.06426,0.29141,5.61508,0,0,0,0.02424,1.57697,0,0.04414,2.27016,0.17929,0,0.82615,0.00807,0,0.20676,0,0.34706,0,0,0.01137,0,0,0,0,0,0.05907,0,0,0,0,0,0,0,0,0,0,0,3.06774,0.22187,0,0.12875,0.12586,0,0.09587,0,0,0,0,0,0,0,0,0,0,0,0,0,0,0,1.59944,0,0,0,0,0,0,0.03783,0,0,0.2722,0,0,0,0,0,0.42893,0,0,0,0,0,0,0.25076,0,0,0,0,0,0,0,0,0,0.02935,13.18018,0.11777,0,0,0,0,0.01263,0,0,0,0,0,0,0,0,0,0,0,0,0,0,0,0,0,0,0,0,0,0,0,0,0,0,0,0.23658,0,1.71132,0,0,0,0,0,0,0,0,0,0,0,0,0,0,0,0,0,0,0,0,0,0,0,0,0,0,0,0,0,0,0,0.017,0,0,0,0,0,0,0,0,0,0,0,0,0,0,0,0,0,0,0,0.76246,0,0,0,0,0,2.73884,0.10592,0,0,0,0,0,0,0,0,0,0,0,0,0,0,0,0,0,0,0,0,0,0,0,0,0,0,0,PD
MMPD30531062ST,12.80617,0.02976,0,0,0.71855,0.0285,0.33962,1.66364,0.38611,0,0,0,0,0.08462,0,0,0,0,0,0.11375,0,0,0,0,0,0,0.00938,0,0,0,0,0,0,0,0,0,0,0,0,0,0,0.07,0,0,0,1.003,0,0,0,9.77016,22.4405,0,0,0,0,0.32634,0.07301,0,0,0.62262,0.63212,0,0.00979,0,2.246,2.11065,0,1.11804,0.10665,0.03871,0,0,0.0486,0,0.8497,0.27367,0.11735,0,0.90079,0.36694,0.22614,0,0,0.03249,0,0.04624,0,0.09339,0,0,0,0,0,0,0.09656,0,0.10182,0,0,0,0.16236,0,0,0,2.06555,0,0.12806,15.66889,0,2.1344,0,0.10289,0,0.04903,5.40403,0,0.36116,0,0,0,3.80024,0,0,0,0,0,0,0,0.10706,0,0.05558,0,0,0,0,0,0,0,0,0,0,0,0,0,0.06057,0,0,0,0,0,0,0,0.3857,0,0,0,0,0,0,0,0,0,0,0,0,0,0,5.95403,0.94926,0,0,0,0.03379,0,0,0,0.31061,0.17306,0,0,0.08936,0,0,0,0,0,0,0,0,0,0,0.06407,0,0,0,0,0.01142,0,0,0,0,0.01215,0,0,0,0,0,0,0,0,0,0,0,0,0,0,0,0,0,0,0,0,0,0,0,0,0.51943,0,0,0,0,0,0,0,0,0,0,0,0,0,0,0,0,0,0,0,0,0,0,0,0,0,0,0,0,0,0,0,0,0,0,0,0,0,0,1.34702,0.12037,0,0,0,0,0,0,0,0,0,0,0,0,0,0,0,0,0,0,0,0,0,0,0,0,0,0,0,0,0,0,0,0,0,0,0,0,0,0,0,0,0,0,0,0,0,0,0,0,0,0,0,0,0,0,0,0,0,0,PD
MMPD36816868ST,12.75202,1.81159,0,1.99661,0.03822,2.59349,0.89127,12.86616,0.08391,0,0,0,0,0,0,0,0,0,0,1.29091,0,0,0,0,0,0,0.44992,0,0,0,0,0,0,0,0,0,0,0,0,0,0,0.04451,0,0,0,1.18899,0,0,0,3.05079,5.91996,0,6.96371,1.1077,0,0.06908,0.30263,7.35774,0,1.23648,0.39598,0.50977,0.51177,0,0.10209,1.0207,0,0.30819,3.57129,0.00277,0,0,0,0.04494,0.14781,0.53064,1.58262,1.14914,1.02536,0,0.43432,0,0.63087,0.17883,0.59573,0.88869,1.16408,0.1627,0,0,0,0,0.09181,0,5.1566,0.92972,0.63468,0,0,0,0,0,0,0,0.85589,0.98962,0.68858,4.74018,0,0,0,0.29281,0.24404,0.03468,0.02275,0,0.424,0.81105,0,0,0.05614,0,0,0.27614,0,0,0,0,0.01321,0,0,0.05,0,0.15546,0,0,0,0,0,0,0,0,0,0,0,0,0.02661,1.23263,0,0,0,0,0.39524,0,0,0,0,0,0,0,0,0,0,0,0,0,0,1.12888,0.54395,2.74255,0,0,0,0,0,0,0,0,0.41544,0,0,0,0,0,0,0,0,0,0,0,0,0,0,0,0,0,0,0,0,0,0,0,0,0,0,0,0,0,0,0,0,0,0,0,0,0,0,0,0,0,0,0,0,0,0,0,0.06849,0,0,0,0,0,0,0,0,0,0,0,0,0,0,0,0,0,0,0,0,0,0,0,0,0,0,0,0,0,0,0,0,0,0,0,0,0,0,0,0,0,0,0,0,0,0,0,0,0,0,0,0,0,0,0,0,0,0,0,0,0,0,0,0,0,0,0,0,0,0,0,0,0,0,0,0,0,0,0,0,0,0,0,0,0,0,0,0,0,0,0,0,0,0,0,0,0,0,PD
MMPD18335439ST,5.16358,1.99421,0,0.78006,0,4.7345,0.02687,13.52453,0.33664,0,0,0,0,0,0.13802,2.1258,0,0.09908,0,0.15115,0,0,0,0,0,0,0.61685,0.02887,0,0,0,0,0,0,0,0,0,0,0,0,0,0,0,0.01986,0,1.12321,0,0,12.74524,1.09566,1.02519,1.29625,4.05845,0,0,8.84813,0.20232,0.72009,0.91306,0,0.36991,0.23515,0,0.54088,0.8909,1.81412,0,1.1569,0,0,0.30092,0.159,0.12401,0.10765,0,0.06364,0.78547,0.78528,0.69889,0,0,0,0.39435,1.26552,0,3.67066,0.21122,0.75356,0.01253,0,0,0,0,0,0.29956,0.03125,0.1758,0,0.06898,0,0.01679,0,0,0,0,0.0438,1.69101,1.88036,0,0.4122,0,0.14263,0.03704,0,0,0,0.88843,4.86685,0,0,0,0,0,0,0,0,0,0,0.07202,0,0,0,0,0,0,0,0.16725,0,0,0,0,0,0,0,0,0,0,0.61611,0,0.06363,0,0,0.15616,0,0,0,0,0,0,0,0,0,0,0,0,0,0,0,0,0,0,0,0,0,0,0,0.03892,0.03531,0,0,0,0,0,0,0,0,0,0,0,1.30302,0,0.11018,0.09492,0,0,0,0,0,0,0,1.39409,0,5.29927,0,0,0,0,0,0,0,0,0,0,0,3.59123,0.3916,0.00336,0,0,0,0,0,0,0,0,0,0,0,0,0,0,0,0,0,0,0,0,0,0,0,0,0,0,0,0,0,0,0,0,0,0,0,0,0,0,0,0,0,0,0,0,0,0,0,0,0,0,0,0,0,0,0,0,0,0,0,0,0,0,0,0,0,0,0,0,0,0,0,0,0,0,0,0,0,0,0,0,0,0,0,0,0,0,0,0,0,0,0,0,0,0,0,0,0,0,0,0,0,0,0,0,0,0,0,0,healthy
MMPD94895988ST,0.03574,0.50403,0,0.14015,0,0.10286,0.01016,20.15495,0.08359,0,0,0,0,0.08316,0,0,0.9546,0,0,0.6568,0,0,0,0,0,0,0,0,0,0,0,0,0,0,0,0,0,0,0,0,0,0.03008,0,0.06161,0,32.95192,0,0,0,0.17394,0.72187,1.13705,0,1.09924,0,0.16657,0.14851,0.08151,0,0,0.49491,0.28066,0,0,0,0,0,0.07344,1.09715,1.55095,0,1.28732,0.0632,0,0,0.05632,0.03006,0.0977,0,0.14921,0.19173,0,0,0,0,0.13037,0.45799,0,0,0,0,0,0,0,4.59443,0,0,0,0,0,0,0,0,0,2.7547,0,0.03389,6.64323,0.04464,0,0,0,0,0.05074,0.08193,1.31568,0,0.10347,0,0,0.22211,1.84403,0,0,0,0.16394,0,0,0,0,0,0,0,0,0,0,0,0,0,0,0.02699,0,0,0,0,0,0,10.5615,0,0,0,0,1.0208,0,0,0,0,0,0,0,0,0,0,0,0,0,0,0,0.23119,0.00877,0,0,0,0,0,0,0,0,0,0,0,0,0,0,0,0,0,0,0.01339,0,0,0,0,0,0,0,0,0,0,0,0,0,0,0,0,0,0,0,0,0,0,0,0,0,0,0,0,0,0,0,0,0,0,0,0,0,0,0,0,0,0,0,0,0,0,0,0,0,0,0,0,0,0,0,0,0,0.03762,0,0,0,0,0,0,0,0,0,0,0,0,0,0,0,0.19117,0,0.29201,0,0,0,0,0,0,0,0,0,0,0,0,0,0,0,0,0,0,0,0,0,0.02149,0,0,0,0,0,0,0,0,0,4.04122,0,0,0,0,0,0,0,0.01511,0,0,0,0,0,0,0,0,0,0,0,0,0,0,0,0,0,0,0,0,healthy
MMPD69225512ST,2.8647,4.26902,0.0981,1.36059,1.34646,0.02247,0.5219,15.89193,0,0.00472,0.3028,0,0,0.225,0,0.24454,0,0,0,0.51837,0,0,0,0,0,0,0,0,0,0,0,0.15308,0,0,0,0,0,1.35646,0,0,0,0.36039,0,12.44687,0,0.79821,0,0,0,2.56364,6.29755,0,0,0,0,0.56442,0,0.17259,0,0,0.43487,2.19766,0,0,4.04262,4.47842,0.05151,1.85744,0,0,0.88377,0,0.41946,0,0,0.28057,0.87163,0,2.27888,0,0.35662,0,0,2.80705,0,0,0,0,0,0,0,0,0.31899,0.02391,0,0,0.26183,0,0,0,0,0,0.36908,0,0.96812,0.15045,0,5.04446,1.1163,0.55223,0,0,0,0.03506,0.05775,0,0.09173,3.36684,0,0,0.03777,0,0,0.39844,0.36475,0,0,0,0.0205,0,0.25913,0.08208,0,0,0,0,0,0,0,0,0,0,0,0,0.20117,0,0,0.02589,0,0,0.52672,0,0,0,0,0,0,0,0,0,0,0,0,0,0,0,0,0,4.12234,0,0,0,0,0,0,0.08671,0.40685,0,0,0,0.02015,0,0,0,0,0,0,0,0,0,0,2.17022,0,0.12249,0,0,0,0.19726,0,0,0,0,0,0,0,0,0,0,0,0.06838,0,0,0,0,0,0,0,0,0.0782,0,0,1.72979,0,0,0,0,0,0,0,0,0,0,0,0,0,0.30276,0,0,0,0,0.02641,0,0,0,0,0,0,0,0,0,0,0,0,0,0,0,0,0,0,0,0,0,0,0,0,0,0,0,0,0,0,0,0,0,0,0,0,0.15575,0,0,0,0,0.04498,0,0,0,0,0,0,0,0,0,0,0,0,0,0,0,0,0,0.3153,0,0,0,0,0,2.01543,0.22343,0.18014,0.08509,0.03077,0,0,0,0,0,0,0,0,0,0,0,0,0,0,healthy
MMPD16704201ST,25.11392,0,0,0,0,0,1.71809,0.01861,0,0,0.2614,0,0,2.14026,0,0.61727,0,0,0,0.03744,0,0,0,0,0,0,0,0,0,0,0,0,0,0,0,0,0,0,0,0,0,3.47782,0,0,0,0.07577,0,0,0,0,14.8165,2.75495,0,0,0,0,0.33056,3.76294,0,0,0,0.10551,0,0,4.99216,1.18707,0,0.2669,0,0,0.34645,0.07584,2.81226,0,0,0,0,0,0.41309,0,1.40719,0,0,0,0,0,0,0.05052,0,0,0,0,0,0,0,0,0,0,0,0,0.077,0,0,0,3.03429,0,0,0.18944,0,0.32694,0,1.11951,0,0.0671,0,0,0.01924,0,0,0,0.02493,0,0,0,0,0,0,0,0,0,0,0,0,0,0,0,0,0,0,0,0,0,0,0,0,0,0,0.02391,0,0,0.20323,0,0,0,0,0,0,0,0,0,0,0,0,0,0,0,0,0,0,24.79795,0,0,0,0.83822,0,0,0.14894,0.74167,0,0,0,0,0,0,0,0,0,0,0,0,0,0,0.0376,0,1.14288,0.2693,0.14238,0.01295,0,0,0,0,0,0,0,0,0,0,0,0,0,0,0,0,0,0,0,0,0,0,0,0,0,0,0,0,0,0,0,0,0,0,0,0,0,0,0,0,0,0,0,0,0,0,0,0,0,0,0,0,0,0,0,0,0,0,0,0,0,0,0,0,0,0,0,0,0,0,0,0,0,0,0,0,0,0,0,0,0,0,0,0,0,0,0,0,0,0,0,0,0,0,0,0,0,0,0,0,0,0,0,0,0,0,0,0,0,0,0,0,0,0,0,0,0,0,0,0,0,0,0,0,0,0,0,healthy
MMPD41403504ST,1.62705,0.71845,0,0,0,0.02462,0.16651,5.75833,0.58959,0,0,0,0,0,0,3.52444,0,0,0,2.26112,0,0,0,0,0,0,0.13426,0.03473,0,0,0,0,0,0,0,0,0,0,0,0,0,0.4682,0,0.42779,0,2.4143,0,0,0,3.47671,1.10093,0,5.71949,0,0,0,0,0,0.07741,0.26151,0.17019,1.05205,0,0,4.21664,1.40072,0,0.2759,1.11235,7.21222,0,0.35051,0.32515,0,0.10008,0.28095,1.69332,0,0.81669,0.39744,0,0,0.69494,0,0,0.02646,0,0,0.02354,0,0,0,0,0,6.45249,0.00344,0.17771,0,0,0.0334,0.02509,0,0.05505,0,0.33422,0.45802,0.28034,6.76311,0.16539,0,0,0,1.67498,0.14305,0.32816,18.0619,0,2.81851,0,0,0.12331,0,0,0,0,0,0.02118,0,0.01713,0,0,0,0,0,0.0718,0,0.26665,0,0.03411,0,0,0,0,0,0,0,0,2.49619,0,2.13233,0.01509,0,0.40928,0.12147,0,0,0,0,0,0,0,0,0,0,0,0,0,0.08581,4.21082,0,0,0,0.05736,0.20815,0,0,0,0.06839,0,0,0.0295,0,0,0,0.00343,0,0,0,0,0,0.0476,0,0.15212,0,0,0,0,0,0,0,0,0,0.13854,0.11529,0,0,0,0,0,0,0,0,0,0,0,0,0,0,0,0,0,0,0,0,0,0,0,0,0,0,0,0,0,0,0,0,0,0,0,0,0,0,0.26539,0,0,0,0,0,0,0,0,0,0,0,0,0,0,0,0,0,0,0,0,0,0,2.18308,0,0,0,0,0,0,0,0,0,0,0,0,0,0,0,0,0,0,0,0,0,0,0,0,0,0,0,0,0,0,0,0,0,0,0,0,0,0,0,0,0,0,0,0,0,0,0,0,0,0,0,0,0,0,0,0,0,0,0,healthy
MMPD89180418ST,0.04549,1.58735,0,0.10983,0,1.09164,0,12.53124,0.74267,0,0,0,0,0,0,0,0,0,0,1.15112,0,0,0,0.04269,0,0,0.34129,0,0,0,0,0,0,0.06305,0,0,0,8.9257,0,0,0.00768,0,0,5.87876,0,2.15876,0,0,0.79672,2.11775,0.118,1.16269,0,0.9268,0,2.97735,2.24592,0,0,0,2.227,0.68876,0,0.02852,0,0.15001,0.09376,0.06549,0.19942,10.10374,0,0.42888,0,0,0,0.50169,0.82301,0.76328,0,0,0.44637,0.0555,0.54429,0.27367,0,10.88147,0.30536,0,0,0,0,0,0,0,0.40409,0,0,0,0.14314,0.0855,0,0,0,0,0,0.29433,0.1881,0,0,0.04843,0,0.14383,0.02889,0,0,0,0.01809,1.47609,0,0,0,0,0,0,0,0,0,0,0,0,0,0,0,0,0,0,0,0,0.15928,0,0,0,0,0,0,0,0.18196,0.27056,0,0.0237,0,0,0.0138,0,0,0,0,0,0,0,0,0,0,0,0,0,0,0,0,0.08251,0,0,0.02983,0,0.31698,0.33529,0,0,0.21395,0,0,0,0,0,0,0,0,0,0.00244,0,0,0,0,0,0,0,0,0,0,0,0,0.03934,0,0,0,0.8609,0,0,0,0,0.52782,0,0,0,0,0,0,0,0.58654,0,0,0,0,0,0,0,0,0,0,0,0,0,0,0,0,0,0,0,12.7006,0,0.14629,0,0,0,0,0,0,0,0,0,0,0,0,0,0,0,0,0,0,0,0,4.50892,0,0.06397,0,0,0,0,0,0,0,0,0,0,0.15304,0,0,0,0,0,0,0,0,0,0,0,0,0,0,0,0,0,0,0,0,0,0,0,0,0,0,0,0,0,1.3953,0,0.54101,0,0,0,0,0,0,0,0.31784,0.06049,0,0,0,0,0,0,0,0,0,healthy
MMPD93172239ST,0.5579,4.02087,0.00161,0.099,0,0.32638,0.0511,6.99622,0.05215,0,0.01011,0,0,0.00875,0,0,0,0,0,0.14811,0,0,0,0,0,0,0.11813,0.18687,0,0,0,0,0,0.01092,0,0,0,0.68044,0,0,0.0043,0.02269,0,54.2661,0,1.37375,0,0,0,0.3344,2.75212,3.11526,0,2.23075,2.80492,1.88393,0.04244,0.40153,0,1.87138,0.34378,0,0,0,0.2659,0.39112,0.19295,0.33957,0.08334,2.13775,0,0,0.06828,0,0,0.39889,0.21597,0.09483,0.70902,0,0.11732,0.73795,0.00964,0,0.30245,0.22671,0.06664,0,0,0,0,0,0,0,1.77422,0.00149,0.05031,0,0,1.02203,0.05052,0,0,0,0.02748,0.20008,0.0152,0,0.19411,0,0,0,0,0.04057,0.36737,2.23559,0.01599,0.62818,0,0,0.01503,0,0,0,0,0,0,0,0.00491,0,0,0,0,0,0,0,0,0,0,0,0,0,0,0,0,0,0,0.62856,0,0,0,0,0.25535,0,0,0,0,0,0,0,0.04796,0,0,0,0,0,0,0,0.72986,0,0,0,0.01267,0.03179,0,0,0,0,0,0,0.00643,0,0.00534,0,0,0,0,0,0.25578,0,0,0,0,0,0,0,0,0,0,0,0,0.00872,0,0,0,0.0741,0,0,0,0,0,0,0,0,0,0,0,0,0.10801,0,0,0,0,0,0,0,0,0,0,0,0,0,0,0,0,0,0,0,0,0,0,0,0,0,0,0,0,0,0,0,0,0,0,0,0,0,0,0,0,0,0,0,0,0,0,0,0,0,0,0,0,0,0,0,0,0,0,0,0,0,0,0,0,0,0,0,0,0,0,0,0,0,0,0,0,0,0,0,0,0,0,0,0,0,0,0,0.08268,0,0,0,0,0,0,0,0,0,0,0,0,0,0,0,0,0,0,healthy
MMPD11819740ST,40.37592,11.91204,11.86648,10.37878,6.29687,3.60515,3.3677,2.41853,1.20126,0.93228,0.90101,0.89698,0.83482,0.69465,0.51509,0.4381,0.43091,0.41186,0.35571,0.34333,0.24882,0.21638,0.17597,0.16522,0.16362,0.14517,0.11178,0.07815,0.07537,0.06742,0.0601,0.04795,0.04073,0.03611,0.0318,0.02775,0.02299,0.02244,0.01665,0.01377,0.01246,0.01165,0.01077,0.00556,0.00483,0.00441,0.00261,0.00203,0,0,0,0,0,0,0,0,0,0,0,0,0,0,0,0,0,0,0,0,0,0,0,0,0,0,0,0,0,0,0,0,0,0,0,0,0,0,0,0,0,0,0,0,0,0,0,0,0,0,0,0,0,0,0,0,0,0,0,0,0,0,0,0,0,0,0,0,0,0,0,0,0,0,0,0,0,0,0,0,0,0,0,0,0,0,0,0,0,0,0,0,0,0,0,0,0,0,0,0,0,0,0,0,0,0,0,0,0,0,0,0,0,0,0,0,0,0,0,0,0,0,0,0,0,0,0,0,0,0,0,0,0,0,0,0,0,0,0,0,0,0,0,0,0,0,0,0,0,0,0,0,0,0,0,0,0,0,0,0,0,0,0,0,0,0,0,0,0,0,0,0,0,0,0,0,0,0,0,0,0,0,0,0,0,0,0,0,0,0,0,0,0,0,0,0,0,0,0,0,0,0,0,0,0,0,0,0,0,0,0,0,0,0,0,0,0,0,0,0,0,0,0,0,0,0,0,0,0,0,0,0,0,0,0,0,0,0,0,0,0,0,0,0,0,0,0,0,0,0,0,0,0,0,0,0,0,0,0,0,0,0,0,0,0,0,0,0,0,0,0,0,0,0,0,0,0,healthy
MMPD50836218ST,0.27194,2.77397,0,0,0.04211,0.04149,0.03389,7.15056,1.88618,0,0.00596,0,0,0.67984,0,0.10952,0.00927,0,0,1.92683,0,0,0,0,0,0.11957,0.31065,0,0,0,0,0,0,0,0,0,0,0,0,0,0,0.06831,0,0.02555,0,1.70316,0,0,0,1.64467,3.66458,0,0,0,0,2.08958,3.18574,22.63114,0,0,0.14224,4.48807,1.98318,0,0,1.29376,0,0.22912,0,0,0,0.77879,0.65113,1.61795,0,0.28797,0.6198,0,0.83933,0,0.96867,0,0.04039,0.52967,0,0.98857,0.30466,0.35441,0,0,0,0,0,0,0,0,1.25665,0,0,0,0.01113,0,0.0418,0,0.00193,0.3688,0.38754,2.99852,0,0.85805,0,0,0.0034,0.17679,2.42077,0,0,0,0,0,0.0297,1.29668,0,0,0,0,0,0,0.11868,0.00781,0,0,0,0.01695,0,0,0,0,0,0,0,0,0,0,0,0,0,8.10448,0,0,0.52999,0,1.59004,0,0,0,0,0,0,0,0,0,0,0,0,0,0,0,0.55929,0,0,0,0,0,0,0,0,0,0,0,0,0,0.00968,0,0,0.0058,0,0,0,0.41241,0,0,0.05983,0,0,0,0,0.01825,6.1732,1.63482,0.81025,0,0,0,0,0,0,0,0.07914,0,0,0,0,0,0,0,0,0,0,1.73336,0,0,0.21686,0,0,0,0.10501,0,0,0,0,0,0,0,0,0,0,0,0,0,0,0,0,0,0.05571,0,0,0,0,0,0,0,0,0,0,0,0,0,0,0,0,0,0,0,0,0.92663,0,0,0,0,0,0,0,0,0,0,0,0,0,0,0,0,0,0,0,0,0,0,0,0,0,0,0,0,0,0,0,0,0.45969,0,0,0,0,0,0,0,0,0,0,0,0,0,0,0,0,0,0,0,0,0,0,0,0,0,0,healthy
